id,text,asseveration
1,"Elevaremos la tasa de inversión requiere, desde luego, la decisión del sector privado y estas decisiones dependen en gran medida de las condiciones que crea el Estado",El nivel de inversión del país depende principalmente de que el Estado genere las condiciones adecuadas para que el sector privado tome decisiones de inversión.
2,"La transición energética global es una oportunidad histórica para Chile, gracias a recursos como el litio, el cobre y su potencial para producir hidrógeno verde",Chile tiene ventajas comparativas significativas para participar en la transición energética global debido a sus recursos naturales y potencial en energías renovables.
3,"Para acelerar el crecimiento es fundamental aumentar la tasa de crecimiento de la inversión de forma de alcanzar niveles de inversión, como porcentaje del PIB que se acerquen al 30%",Para acelerar el crecimiento económico del país es necesario que la inversión alcance aproximadamente el 30% del PIB.
4,"Implementaremos la reforma de pensiones que beneficiará a 2,8 millones de personas en los próximos dos años y mejorará las condiciones para los cotizantes",En mi gobierno se implementaría una reforma de pensiones que modificaría las condiciones para millones de cotizantes en los próximos dos años.
5,"Las chilenas y chilenos no pueden esperar más, estamos hoy en un momento crítico que nos impulsa a innovar y a mejorar, la salud de nuestro país depende de ello",El sistema de salud del país requiere innovaciones y mejoras urgentes para su funcionamiento adecuado.
6,"Chile necesita un sistema de salud moderno, eficiente que ponga a las personas primero y resuelva las urgencias críticas","El sistema de salud de Chile requiere modernización, eficiencia, enfoque en las personas y resolución de urgencias críticas."
7,Daremos urgencia a la modificación del artículo 203 del Código del Trabajo para eliminar la restricción que limita el Derecho a Sala Cuna únicamente a empresas con 20 o más trabajadoras,"Todas las empresas deberían estar obligadas a proporcionar sala cuna para sus trabajadoras, independientemente del número de empleadas que tengan."
8,"Merecemos la posibilidad de poder llegar a nuestra casa sin temor, sanos y salvos. Recibir una atención oportuna cuando nos enfermamos. Tener una casa para poder cobijar a nuestra familia y sueños","Las personas tienen derecho a seguridad para transitar sin temor, acceso a atención médica oportuna y vivienda digna para sus familias."
9,"Duplicaremos el presupuesto del Sistema Nacional de Seguridad Municipal, fortaleciendo el trabajo de los gobiernos locales","En mi gobierno, los gobernantes locales recibirán el doble de recursos económicos para sus sistemas de seguridad municipal."
10,"Proyectaremos 10.000 nuevas plazas en 5 nuevas cárceles al 2033, distribuidas en las regiones que más lo requieran","Planeo construir cinco nuevos recintos penitenciarios que agregarán diez mil plazas para el año 2033, ubicándolos según las necesidades regionales."
11,La principal preocupación de las chilenas y chilenos hoy es la delincuencia y la inseguridad. Por eso será la gran prioridad de nuestro gobierno,La delincuencia y la inseguridad es una prioridad importante para el gobierno actual.
12,"Un país justo se construye cuando todas las personas, sin importar su origen o condición, tienen acceso real y oportuno a la justicia",Un país justo se construye cuando las personas tienen acceso a la justicia.
13,"La transición energética global es una oportunidad histórica para Chile, gracias a recursos como el litio, el cobre y su potencial para producir hidrógeno verde",Chile tiene ventajas comparativas significativas para participar en la transición energética global debido a sus recursos naturales y condiciones geográficas para nuevas tecnologías energéticas.
14,"Garantizaremos a todas las familias del país un Consumo Eléctrico Vital(CEV), reduciendo en un 20% las tarifas eléctricas de los hogares",El Estado debe reducir en un 20% las tarifas eléctricas de todos los hogares del país mediante un Consumo Eléctrico Vital.
15,"Al 2028, al menos un 40% de las exportaciones agroindustriales contarán con certificaciones de sostenibilidad reconocidas internacionalmente","Para el año 2028, un mínimo del 40% de las exportaciones del sector agroindustrial habrán obtenido certificaciones de sostenibilidad con reconocimiento internacional."
16,"Implementaremos un sistema de pago electrónico en el transporte público regulado de todas las regiones del país, con tarjeta y aplicación móvil",La implementación de un sistema de pago electrónico con tarjeta y aplicación móvil en el transporte público regulado debería realizarse en todas las regiones del país.
17,"Terminaremos de construir la red 5G, cubriendo nuestras zonas rurales para elevar la productividad de nuestro extenso territorio",La red 5G debe extenderse a las zonas rurales del país para mejorar la productividad en todo el territorio nacional.
18,"Durante el próximo Gobierno, avanzaremos hacia un ingreso vital de $750.000 mensuales, cifra que se alcanzará gradualmente durante nuestro gobierno",El próximo Gobierno implementará progresivamente un ingreso mensual de $750.000 para la población durante su período de mandato.
19,Aumentaremos el monto y duplicaremos la cobertura del estipendio para personas cuidadoras adscritas al Programa de atención a la dependencia severa,Proponemos incrementar en el doble tanto el monto como la cantidad de beneficiarios del estipendio destinado a cuidadores registrados en el Programa de atención a la dependencia severa.
20,Elevaremos en $100.000 millones los recursos del Fondo Común Municipal (FCM) para mayor justicia territorial,Aumentaremos en $100.000 millones los recursos del Fondo Común Municipal para la distribución territorial de ingresos municipales.
21,Crearemos una carpeta digital para que cada ciudadano solo tenga que presentar sus datos una sola vez ante el Estado,El Estado debería implementar un sistema de carpeta digital única donde los ciudadanos registren sus datos personales una sola vez para todos los trámites gubernamentales.
22,"Nuestra política exterior se fundamentará en principios que el Estado de Chile ha sustentado históricamente, tales como: la promoción de la paz, solución pacífica de las controversias, preeminencia y respeto del derecho internacional","Chile debe basar su política exterior en la promoción de la paz, la solución pacífica de controversias y el respeto del derecho internacional."
23,"Chile necesita una estrategia nacional de transformación digital hacia el 2030, donde ésta se incorpore como un eje de la matriz de desarrollo",Chile debe desarrollar una estrategia nacional que incorpore la transformación digital como componente de su matriz de desarrollo con proyección hacia el 2030.
24,"Capacitaremos a 100.000 personas en herramientas tecnológicas, y a otras 50.000 personas en programas de aplicación básica de IA",Se capacitará a 100.000 personas en herramientas tecnológicas y a 50.000 personas en programas de aplicación básica de inteligencia artificial.
25,Duplicaremos el Fondo Nacional del Deporte (FONDEPORTE) en los próximos cuatro años,El presupuesto destinado al Fondo Nacional del Deporte debería aumentarse significativamente durante el próximo período gubernamental.
26,"Invertir en Ciencia, Tecnología, Conocimiento e Innovación (CTCI), es invertir en productividad, en eficiencia estatal y en reducir la dependencia externa en materia tecnológica","La inversión en Ciencia, Tecnología, Conocimiento e Innovación genera impactos en la productividad, la eficiencia estatal y la dependencia tecnológica externa."
27,"Nuestro país enfrenta una emergencia económica estructural, que no es transitoria o pasajera, y que se refleja en el estancamiento del crecimiento, el alza del costo de vida y el aumento del desempleo es la cruda realidad que viven cientos de miles de personas.","El país enfrenta problemas económicos como estancamiento del crecimiento, aumento del costo de vida y desempleo que afectan a muchas personas."
28,"De mantenerse el crecimiento tendencial de la economía de 1,8% anual – no muy distinto del crecimiento promedio efectivo de 2014-2024 –, nuestro país tardaría más de cincuenta años en doblar su ingreso per cápita.","Chile necesita más de cincuenta años para duplicar su ingreso per cápita si mantiene un crecimiento económico de 1,8% anual."
29,Trabajaremos para acelerar el crecimiento del país hasta el 4% durante nuestra administración.,El gobierno se propone lograr que el crecimiento económico del país alcance el 4% durante su período de gestión.
30,Propondremos una rebaja de la tasa de impuesto corporativo efectiva del actual 27% al 23% para las empresas medianas y grandes.,La tasa de impuesto corporativo efectiva para empresas medianas y grandes debería reducirse del 27% al 23%.
31,Eliminaremos el impuesto a las ganancias de capital en la venta de acciones de baja presencia bursátil.,La venta de acciones de baja presencia bursátil debería estar sujeta a impuestos sobre las ganancias de capital.
32,"En 15 de los últimos 17 años, los gobiernos han incurrido en déficits estructurales. Las proyecciones de ejecuciones fiscales esconden la recurrencia de gastos 'bajo la línea' que se disfrazan como inversión pero que son, en definitiva, un gasto más.",Los gobiernos han mantenido déficits estructurales persistentes y han clasificado gastos recurrentes como inversiones para ocultar el verdadero nivel de gasto público.
33,"Una emergencia social, donde uno de cada cinco chilenos vive en pobreza, millones esperan por una atención de salud o una vivienda que nunca llega y donde la educación en vez de ser un vehículo de ascenso social, se ha convertido en una condena perpetua a la falta de oportunidades.","Chile enfrenta altos niveles de pobreza, déficit en salud y vivienda, y un sistema educativo que no garantiza movilidad social."
34,"Hoy Chile se queda sin niños. Vivimos en un clima social en el que formar una familia se ha convertido en un esfuerzo titánico, en vez de un valor que todos reconocen y apoyan.",Chile enfrenta una disminución en la natalidad debido a que formar una familia se ha vuelto más difícil y no recibe el apoyo social suficiente.
35,"La clase media ha visto esfumarse el sueño de la casa propia, en un país donde en los últimos quince años los precios de las viviendas nuevas se han más que duplicado en términos reales.",La clase media enfrenta dificultades para acceder a vivienda propia debido al incremento de precios del mercado inmobiliario en los últimos quince años.
36,Millones esperan por una atención de salud o una vivienda que nunca llega.,El sistema actual no logra satisfacer oportunamente las necesidades de salud y vivienda de amplios sectores de la población.
37,"Nuestro objetivo es recuperar la calidad de vida, revitalizar nuestros espacios públicos, cuidar nuestro entorno y promover una cultura de convivencia basada en el respeto y la dignidad.","Debemos recuperar la calidad de vida, revitalizar los espacios públicos, cuidar el entorno y promover una cultura de convivencia basada en el respeto y la dignidad."
38,"La educación en vez de ser un vehículo de ascenso social, se ha convertido en una condena perpetua a la falta de oportunidades.",La educación cumple efectivamente su función como vehículo de ascenso social y generación de oportunidades.
39,"Queremos un Chile donde cada joven tenga la posibilidad de construir su vida con esfuerzo y esperanza; donde cada familia pueda hacer realidad el sueño de su casa propia y decidir la mejor educación para sus hijos, una que abra horizontes y no imponga barreras.","En Chile, los jóvenes pueden construir su vida con esfuerzo, las familias pueden acceder a vivienda propia y elegir la educación que prefieran para sus hijos."
40,"Por otro lado, después de haberse incrementado el gasto público en educación en más de un 100% real entre 2009 y 2024, la mitad de los alumnos de enseñanza media continúan sin poder desarrollar habilidades mínimas.",El aumento del gasto público en educación no ha logrado mejorar significativamente el desarrollo de habilidades básicas en los estudiantes de enseñanza media.
41,"Estrategia nacional para combatir el ausentismo escolar, fortaleciendo la adaptabilidad laboral y contratos multifuncionales, que permita a trabajadores y empleadores pactar jornadas flexibles y nuevas formas de organización productiva.",Los trabajadores y empleadores deben poder acordar jornadas laborales flexibles y contratos multifuncionales para mejorar la asistencia escolar de los hijos y la organización del trabajo.
42,"Duele ver alejarse el sueño de la vivienda propia, especialmente para los más jóvenes.",La posibilidad de acceder a la vivienda propia se ha vuelto más difícil para las personas jóvenes.
43,"La clase media ha visto esfumarse el sueño de la casa propia, en un país donde en los últimos quince años los precios de las viviendas nuevas se han más que duplicado en términos reales.",La clase media enfrenta dificultades para acceder a la vivienda propia debido al incremento de los precios inmobiliarios en los últimos quince años.
44,"El déficit habitacional se estima hoy en más de medio millón de unidades, al tiempo que existen en el mercado cien mil viviendas nuevas a la venta que no encuentran comprador.",El mercado inmobiliario presenta un desequilibrio entre la demanda insatisfecha de vivienda y la oferta disponible que no se comercializa.
45,"Tenemos una emergencia en seguridad, que encierra a las familias en sus casas, mientras los criminales se pasean libres en las calles y los extranjeros violan impunemente nuestras fronteras todos los días.",La situación de seguridad actual genera que las familias permanezcan en sus casas mientras existe actividad criminal en las calles y cruces fronterizos no autorizados.
46,"Chile enfrenta hoy una emergencia de seguridad. El Estado ha ido, progresiva y paulatinamente, renunciando a su deber de resguardar el orden público y proteger a los chilenos.",El Estado chileno ha reducido su capacidad de resguardar el orden público y proteger a los ciudadanos frente a problemas de seguridad.
47,"Ello ha permitido el avance incontestado del crimen organizado y el narcotráfico, que se traduce en el aumento en la comisión de los delitos más violentos, como los homicidios, los ajustes de cuentas con víctimas inocentes, los secuestros y la trata de personas con fines de explotación sexual, el sicariato y las extorsiones, entre otros.","La falta de control ha facilitado que el crimen organizado y el narcotráfico incrementen delitos violentos como homicidios, secuestros, trata de personas, sicariato y extorsiones."
48,"En menos de una década, Chile pasó de ser un país seguro y en paz a convertirse en un territorio dominado por la violencia, el crimen organizado y la inmigración ilegal.","Chile ha experimentado cambios significativos en sus niveles de seguridad, criminalidad organizada y flujos migratorios en la última década."
49,Todo indica que este gobierno terminará con más de 5.000 homicidios en cuatro años.,El gobierno terminará su mandato con más de 5.000 homicidios registrados en cuatro años.
50,"Consecuencia de lo anterior es un aumento importante en el número de personas privadas de libertad: de casi 40 mil, a prácticamente 63 mil, con una tasa de ocupación superior al 140%.","El número de personas privadas de libertad aumentó de casi 40 mil a prácticamente 63 mil, con una tasa de ocupación superior al 140%."
51,No podemos permitir que esta situación continúe. El Estado debe hacer respetar el derecho y devolver los espacios públicos a las personas.,El Estado debe intervenir para recuperar los espacios públicos y garantizar el cumplimiento de las normas establecidas.
52,"Trabajaremos para reducir drásticamente los homicidios durante nuestra administración, amenaza nuestra soberanía y cerrar la puerta a los ingresos clandestinos.",Nuestro gobierno reducirá significativamente los homicidios y controlará los ingresos ilegales que afectan la soberanía nacional.
53,Nuestros esfuerzos buscan terminar con el descontrol migratorio que amenaza nuestra soberanía y cerrar la puerta a los ingresos clandestinos.,La política migratoria debe enfocarse en regular los flujos migratorios y controlar los ingresos no autorizados al territorio nacional.
54,Aspiramos a convertirnos en el Gobierno que modernice y expanda el sistema carcelario con mayor fuerza en más de 30 años.,El sistema carcelario del país requiere procesos de modernización y expansión de su infraestructura y capacidad operativa.
55,"Restablecer el imperio del derecho y la vigencia de la ley en todo el país: Chile no puede seguir siendo un país donde barrios enteros están dominados por narcos, donde el crimen organizado dicta sus propias reglas y donde el Estado retrocede frente a la violencia y las incivilidades.",El Estado debe recuperar el control territorial en barrios dominados por el crimen organizado y hacer cumplir efectivamente la ley en todo el país.
56,Proteger y respaldar a quienes ejercen la autoridad: No es aceptable que quienes cumplen funciones de resguardo social estén desprotegidos frente a agresiones o cuestiona-mientos injustificados.,Las personas que ejercen funciones de resguardo social deben contar con protección adecuada frente a agresiones o cuestionamientos injustificados.
57,"Reforzar la confianza social: La autoridad debe ser entendida como servicio a la comunidad, y la comunidad contar con conciencia del respeto que debe a la autoridad.",La autoridad debe servir a la comunidad y la comunidad debe respetar a la autoridad.
58,Nuestro compromiso es claro y firme: Chile volverá a ser un país seguro. Chile volverá a crecer y generar empleos. Chile volverá a soñar. Chile volverá a progresar en libertad.,"Chile puede volver a ser un país seguro, con crecimiento económico, generación de empleos y progreso."
59,"Para enfrentar la emergencia social recuperaremos la libertad, justicia y dignidad.","La solución a la emergencia social requiere cambios en las condiciones de libertad, justicia y dignidad de la población."
60,"El mundo, como nunca, necesita justo lo que Chile produce: cobre, energías limpias, litio, alimentos, hidrógeno y combustibles verdes. El desarrollo, la oportunidad de un mejor Chile para todos, está a nuestro alcance.","Chile tiene la oportunidad de alcanzar un mejor desarrollo económico aprovechando sus recursos naturales como el cobre, litio, energías limpias y alimentos que el mundo demanda."
61,"Promoveremos una transición energética segura, eficiente y responsable.","La política energética debe priorizar la seguridad, eficiencia y responsabilidad durante cualquier cambio en el sistema de generación y consumo de energía."
62,"Chile produce: cobre, energías limpias, litio, alimentos, hidrógeno y combustibles verdes.","Chile debe aumentar significativamente la producción y exportación de cobre, energías limpias, litio, alimentos, hidrógeno y combustibles verdes."
63,"Modernizar infraestructura, tecnificar los complejos fronterizos, instalar sistemas de vigilancia y detección, y barreras físicas en pasos críticos no habilitados.","Se debe modernizar la infraestructura fronteriza mediante tecnificación de complejos, instalación de sistemas de vigilancia y detección, y construcción de barreras físicas en pasos no habilitados críticos."
64,"Nuestro objetivo es recuperar la calidad de vida, revitalizar nuestros espacios públicos.",Los espacios públicos de la ciudad deben ser revitalizados para mejorar la calidad de vida de los ciudadanos.
65,La crisis social que atraviesa nuestro país no puede entenderse sin reconocer el efecto perjudicial que han tenido las ideologías asistencialistas que han dominado la política por años.,Los programas asistencialistas implementados durante años han tenido efectos significativos sobre la situación social actual del país.
66,"Es imperativo enfrentar la crisis de la pobreza. En el último tiempo, se han propuesto actualiza-ciones al sistema de medición, las cuales muestran que casi un cuarto de la población chilena cabe bajo esta categoría.",La medición actualizada de la pobreza indica que aproximadamente un cuarto de la población chilena se encuentra en situación de pobreza.
67,"Al mismo tiempo, se ha fomentado una narrativa que divide a los chilenos en grupos enfrentados, reemplazando la unidad nacional por una peligrosa lógica de confrontación.","Se ha promovido una narrativa que segmenta a los chilenos en distintos grupos, modificando la cohesión nacional hacia una dinámica de confrontación."
68,Creemos en la libertad de las personas y de las familias para forjar su destino.,Las personas y las familias tienen capacidad para determinar el curso de sus propias vidas.
69,Queremos un Chile donde cada joven tenga la posibilidad de construir su vida con esfuerzo y esperanza; donde cada familia pueda hacer realidad el sueño de su casa propia.,Cada joven debe tener posibilidad de construir su vida y cada familia debe poder acceder a casa propia.
70,"La persona es anterior al derecho y al orden político, y al Estado le corresponde reconocerla y protegerla.","El Estado tiene la función de reconocer y proteger a la persona, que existe antes que el derecho y el orden político."
71,"Estas tres emergencias tienen un factor común: la crisis de un Estado que, en lugar de ser un motor del desarrollo y un apoyo para las personas y las familias, se ha transformado en un gran obstáculo, atrapado en su propia burocracia, en su obsesión regulatoria y en un gasto público desbordado, que no le mejora la vida a nadie.","El Estado se ha convertido en un obstáculo para el desarrollo debido a su excesiva burocracia, regulación y gasto público ineficiente."
72,"Para enfrentar estas múltiples urgencias, implementaremos un gobierno de emergencia, que se haga cargo del Estado que se ha vuelto ineficaz, que impulse cambios profundos con decisión, rapidez y sin complejos.",El gobierno debe implementar cambios profundos de manera rápida y decidida para enfrentar las urgencias del país y mejorar la eficacia del Estado.
73,"Un gobierno que una fuerzas para sacar a Chile del estancamiento, que libere a los chilenos para emprender y trabajar, donde el mérito se premie y las oportunidades no queden para apitutados.","Un gobierno que promueva el crecimiento económico mediante la reducción de barreras para emprender y trabajar, premiando el mérito y garantizando que las oportunidades se distribuyan de manera transparente y equitativa."
74,"En este documento estamos presentando los lineamientos programáticos y ejes fundamentales de nuestro pacto con los chilenos. No es una lista de deseos, es una forma de gobernar: metas públicas, equipos comprometidos y control ciudadano permanente.","El gobierno debe establecer metas públicas claras, equipos comprometidos y mecanismos de control ciudadano permanente para implementar sus lineamientos programáticos."
75,"Creemos en la iniciativa privada que innova, crea y genera empleo y en un Estado que impulsa y acompaña, no que frena y asfixia.","La iniciativa privada debe ser la principal fuente de innovación y empleo, mientras que el Estado debe limitarse a facilitar estas actividades sin interferir excesivamente."
76,El Estado ha dejado de estar al servicio del bien común y ha abandonado su misión de resguardar el orden y la seguridad.,"El Estado cumple adecuadamente su función de resguardar el orden, la seguridad y el bien común de la sociedad."
77,"En nuestro gobierno trabajaremos para recuperar el control total de las fronteras, enfrentar con decisión la inmigración ilegal.",Nuestro gobierno implementará medidas para ejercer control fronterizo y abordar la situación de la inmigración irregular.
78,Debemos implementar un plan integral para asegurar el cierre de fronteras a la inmigración ilegal. Construir nuevas y modernas cárceles de alta seguridad.,Se debe implementar medidas de control fronterizo para reducir la inmigración ilegal y construir nuevas instalaciones penitenciarias de alta seguridad
79,"Chile está en un punto de inflexión; si no actuamos hoy, mañana será tarde para frenar la delincuencia, el crimen organizado y narcotráfico que se ha ido infiltrando por todo el tejido social.","Chile enfrenta un aumento de la delincuencia, el crimen organizado y el narcotráfico que afecta a la sociedad y requiere acción inmediata."
80,Potenciaremos la coordinación entre las FF.AA para mejorar su conducción y protección de infraestructura crítica.,Las Fuerzas Armadas deben coordinar mejor sus acciones para conducir operaciones y proteger infraestructura crítica del país.
81,"Utilizar tecnología para perseguir al crimen organizado, porque no podemos combatir y detener a los delincuentes del siglo XXI con las herramientas del siglo XX.",El Estado debe implementar tecnología moderna en lugar de herramientas tradicionales para combatir al crimen organizado.
82,"Implementaremos un plan de tolerancia cero al comercio ilícito, trabajando junto a los municipios y coordinando una fiscalización intensiva y eficaz entre organismos estatales.",Debe existir un plan de tolerancia cero al comercio ilícito con fiscalización intensiva coordinada entre organismos estatales y municipios.
83,"Sabemos que el país ha sufrido por el conflicto permanente que ha impulsado la izquierda radical. El conflicto es un instrumento de acción política explotado por algunos, pero que sólo genera violencia, polarización y heridas que no sanan.","El conflicto político genera violencia, polarización y divisiones difíciles de superar en el país."
84,"La ideología, alimento del conflicto, ha penetrado en cada aspecto de la vida y nos ha ido separando, dividiendo como sociedad y contraponiéndonos a unos contra otros.",La ideología ha generado división y confrontación en la sociedad al influir en diversos aspectos de la vida cotidiana.
85,"Nuestro objetivo es recuperar la calidad de vida, revitalizar nuestros espacios públicos, cuidar nuestro entorno y promover una cultura de convivencia basada en el respeto y la dignidad.","Debemos recuperar la calidad de vida, revitalizar los espacios públicos, cuidar el entorno y promover una cultura de convivencia basada en el respeto y la dignidad."
86,"Creemos firmemente que el verdadero progreso se logra a través de la colaboración puesta a disposición del sentido común, no del conflicto ni la violencia.",La colaboración y el sentido común son más efectivos que el conflicto y la violencia para lograr progreso.
87,"Vamos a hacer que cada familia chilena pueda llegar tranquila a fin de mes, ese es mi compromiso, ese es mi sello: dignidad, trabajo decente y buenos salarios.",Las familias chilenas deben tener ingresos suficientes para cubrir sus gastos mensuales mediante empleos de calidad y remuneraciones adecuadas.
88,"No basta con más cárceles o más carabineros si no enfrentamos de raíz al crimen organizado. Porque ellos no vienen por ideología, vienen por plata. Y para frenarlos, hay que golpear donde más les duele: sus recursos.",El crimen organizado se combate eficazmente atacando sus recursos financieros más que solo aumentando el número de cárceles o policías.
89,La salud no puede seguir esperando.,La atención sanitaria requiere acción inmediata.
90,"Si no hay una reforma de pensiones, las AFP van a ser principalmente las responsables.",Las AFP tendrán una responsabilidad significativa si no se implementa una reforma de pensiones.
91,"Llegar a fin de mes con certeza es lo que todos necesitamos. El aumento de pensiones significa remedios, comida, ir al súper sin miedo.","El aumento de pensiones permite a las personas cubrir sus necesidades básicas como medicamentos, alimentación y compras sin preocupaciones económicas."
92,"En seguridad pública no basta con parches, se necesita una mirada integral. Primero, hay que seguir la ruta del dinero. Perseguir el patrimonio narco, levantar el secreto bancario y no dejar que el crimen organizado siga.","La seguridad pública requiere medidas integrales como perseguir el patrimonio del crimen organizado, levantar el secreto bancario y seguir los flujos financieros ilícitos."
93,Las personas que no entren por la puerta a Chile serán detenidas y expulsadas.,Las personas que ingresen a Chile por pasos no habilitados serán detenidas y expulsadas del país.
94,"Fronteras impenetrables: Zanjas, muros, alambres de puas. ¡Medidas extremas!","La implementación de barreras físicas como zanjas, muros y alambres de púas en las fronteras constituye una medida de control migratorio efectiva."
95,"El 11 de Septiembre de 1973, Chile escogió la libertad y el país que hoy tenemos, con sus virtudes y defectos, es gracias a los hombres y mujeres que se alzaron para impedir la revolución marxista en nuestra patria.",El golpe de Estado del 11 de septiembre de 1973 evitó que Chile se convirtiera en un régimen marxista y permitió el desarrollo del modelo económico y social actual del país.
96,El Estado chileno ha perdido el control de sus fronteras. No hay soberanía si ingresan miles de personas sin control.,El Estado chileno mantiene el control efectivo sobre sus fronteras y garantiza su soberanía en el ingreso de personas al territorio nacional.
97,En Chile no podemos seguir haciendo lo mismo de siempre. Necesitamos un cambio radical.,Chile requiere transformaciones profundas en lugar de mantener las políticas actuales.
98,No tenemos nada que celebrar porque enfrentamos una crisis humanitaria provocada por la ineficiencia del sistema.,El país atraviesa una crisis humanitaria causada por las fallas en el funcionamiento del sistema.
99,"Propone un Plan Implacable con cárceles de máxima seguridad, prohibición de narcofunerales, penas más severas y una fuerza especial para recuperar territorios dominados por la delincuencia.","El Estado debe implementar cárceles de máxima seguridad, prohibir narcofunerales, aumentar las penas y crear una fuerza especial para recuperar territorios controlados por grupos delictivos."
100,"Plantea un Plan Escudo Fronterizo para criminalizar la entrada irregular, limitar beneficios a migrantes indocumentados y ejecutar expulsiones masivas.","La entrada irregular al país debe ser tipificada como delito, los migrantes indocumentados no deben acceder a servicios públicos y se debe implementar un sistema de deportaciones a gran escala."
101,Propone un ajuste fiscal de USD 6.000 millones en 18 meses basado en austeridad y eficiencia sin afectar la PGU.,"El Estado debería implementar un ajuste fiscal de 6.000 millones de dólares en 18 meses mediante medidas de austeridad y eficiencia en el gasto público, manteniendo intacta la Pensión Garantizada Universal."
102,"Propone eliminar contribuciones a la primera vivienda, reducir impuestos corporativos al 23% y eliminar impuestos a la herencia y donaciones.","Modificar las contribuciones a la primera vivienda, ajustar los impuestos corporativos al 23% y cambiar los impuestos a la herencia y donaciones."
103,"Propone eliminar el componente solidario de la reforma previsional, mantener la PGU y renunciar a su pensión vitalicia.","Propone eliminar el componente solidario de la reforma previsional, mantener la Pensión Garantizada Universal y renunciar a pensiones vitalicias de ex autoridades."
104,Propone el Plan Zero: Cero Espera para eliminar listas de espera médicas que afectan a más de 2.5 millones de personas.,El gobierno debería implementar un plan para eliminar las listas de espera médicas que afectan a millones de personas.
105,Busca derogar la ley de aborto en tres causales.,El aborto no debería estar permitido en ninguna circunstancia.
106,Mantiene la postura de que el matrimonio es entre un hombre y una mujer.,El matrimonio debe definirse exclusivamente como la unión entre un hombre y una mujer
107,"Propone modernizar la institucionalidad ambiental, agilizar permisos y avanzar en compatibilidad entre desarrollo económico y ecosistemas.",La institucionalidad ambiental debería permitir procesos de permisos más eficientes que faciliten el equilibrio entre actividades económicas y la protección de los ecosistemas.
108,Plantea explotar el potencial de energías renovables con fuerte inversión en almacenamiento y eliminación de trabas institucionales.,"El país debe invertir significativamente en energías renovables y sistemas de almacenamiento, simplificando los procedimientos administrativos del sector energético."
109,"Plantea una nueva legislación laboral con adaptabilidad, multifuncionalidad contractual y jornadas flexibles.","Una nueva legislación laboral debería permitir contratos con funciones variables, horarios ajustables según necesidades productivas y capacidad de adaptación rápida a cambios del mercado."
110,"Propone el Plan Chile Seguro, atacando las finanzas del crimen organizado mediante levantamiento del secreto bancario.",La eliminación del secreto bancario es una herramienta necesaria para combatir eficazmente al crimen organizado.
111,Propone mantener el estado de excepción en La Araucanía y modernizar el Estado Mayor Conjunto.,El Estado Mayor Conjunto debe ser modernizado y el estado de excepción en La Araucanía debe mantenerse.
112,Propone un ingreso vital de 750.000 pesos chilenos al finalizar su mandato.,Establecer un ingreso vital de 750.000 pesos chilenos al término del período gubernamental.
113,Apoya la despenalización del aborto hasta las 14 semanas.,El aborto debería sear legal hasta las 14 semanas de gestación
114,Compromiso con los derechos LGBTQ+ y profundización de políticas de DD.HH.,El Estado debe garantizar los derechos de las personas LGBTQ+ y profundizar las políticas de derechos humanos.
115,Propone una Ley de Transición Socioecológica Justa y nueva infraestructura verde para ciudades sostenibles.,La implementación de políticas de transición ambiental con desarrollo de infraestructura urbana ecológica contribuiría a la sostenibilidad de las ciudades.
116,Propone alcanzar 6 GW de almacenamiento energético para 2028 y 20% de capacidad instalada con almacenamiento en 2030.,España debería establecer objetivos específicos de capacidad de almacenamiento energético con metas cuantificadas para 2028 y 2030.
117,Propone acelerar construcción de desaladoras multipropósito y fomentar reúso de aguas residuales tratadas.,Debería acelerarse la construcción de desaladoras multipropósito y fomentarse el reúso de aguas residuales tratadas.
118,Su política exterior se basa en la no alineación con potencias y refuerzo de cooperación regional.,El país debería mantener una política exterior independiente de las grandes potencias y fortalecer sus vínculos con los países de la región.
119,Propone ampliar la red de trenes en Chile.,Debería ampliarse la red de trenes en Chile.
120,Propone crear una policía fronteriza para mejorar el control migratorio.,La creación de una policía fronteriza especializada permitiría una gestión más efectiva del control migratorio en las fronteras del país.
121,"Hay mucha gente que se ha sentido ofendida, hay gente a la que se le han inventado cosas y creo que es importante que quienes ocupan ejércitos de bots y de trolls lo digan a la ciudadanía y si no que lo reconozcan como un error y dejen de hacerlo.",Las campañas políticas que utilizan bots y trolls en redes sociales deberían transparentar esta práctica ante la ciudadanía o cesar en su uso.
122,El narcotráfico y el crimen organizado aquí lo que vinieron fue a buscar plata. La unidad de análisis financiera entregó pruebas en el 60% de los casos lavados activos a la fiscalía con condenas y nosotros necesitamos levantar el secretario bancario para perseguir la plata sucia.,El levantamiento del secreto bancario es necesario para combatir eficazmente el lavado de dinero del narcotráfico y el crimen organizado.
123,"De las armas incautadas el año pasado el 52% estaba inscrita. Entonces, no es real que sean solamente armas que estaban fuera del sistema, sino que también hay tráfico de aquellas armas. Por eso propongo una agencia nacional de control de armas.","La mitad de las armas incautadas el año pasado contaba con registro legal, lo que indica que el tráfico incluye tanto armas del sistema legal como ilegales."
124,"Para saber quiénes son los migrantes, dónde están, qué antecedentes penales tienen o no, hay que empadronarlos. Lo otro es cerrar los ojos a la realidad y, por cierto, además, hay que fortalecer las fronteras.","Para gestionar adecuadamente la migración es necesario registrar a los migrantes, conocer su ubicación y antecedentes, además de reforzar el control fronterizo."
125,"La frontera norte de nuestro país tiene 806 km. Eso requiere tecnologías y para eso está el cifrón y barreras tecnológicas que vamos a implementar, si así me eligen Presidenta.",El país podría implementar tecnologías avanzadas y barreras físicas para monitorear y controlar la frontera norte.
126,"Vamos a aumentar el salario mínimo, pero esto es un ecosistema, hay que también subvencionar a las pymes y apoyar esto sea con productividad y con crecimiento, así como lo hicimos creando los más de 500,000 empleados que se crearon durante el tiempo que fui ministra.","Se propone aumentar el salario mínimo acompañado de medidas de apoyo a pequeñas y medianas empresas, vinculadas a mejoras de productividad y crecimiento económico."
127,Vamos a formar más especialistas en nuestro país. Es lo que escuché de Arica a Magallanes.,El país requiere aumentar la capacitación de profesionales especializados en diversos campos.
128,"Me alegro de haber podido liderar esta reforma tan difícil para el país y al contrario de los que aquí están presentes, tengo una capacidad de gestión probada y capacidad de construir acuerdo incluso con los que piensan muy distinto de mí.",Las reformas complejas requieren liderazgo efectivo y capacidad para construir consensos entre actores con visiones diferentes.
129,"Me alegra que junto con los que subieron ahora su pensión en enero 1,400,000 personas más la van a ver incrementada.","Aproximadamente 1,400,000 personas adicionales recibirán un incremento en sus pensiones."
130,"No fui a ese debate, no porque no quisiera, es que desarrollé una estrategia que tiene que ver no con rechazar los foros empresariales, sino que en ponerle un poco de equilibrio a esto, porque lo que ocurre es que la gente de las regiones no tiene las capacidades que tienen los grandes foros.",La estrategia implementada buscó equilibrar la participación entre foros empresariales de diferentes escalas y capacidades.
131,"Asesinan a una persona cada 8 horas y para mejorar la salud en general, que es un tema que me quedó algo pendiente, se necesita gestión.",La violencia homicida es un problema de salud pública que requiere estrategias de prevención y gestión coordinada.
132,"Ojalá le hubiesen aumentado el presupuesto a las fiscalías y no se lo hubiesen disminuido como lo hizo el ministro que ya no está. Ojalá le dieran más recursos al poder judicial, ojalá le dieran más recursos a la Contraloría.","Las fiscalías, el poder judicial y la Contraloría deberían recibir un aumento en sus presupuestos y recursos."
133,"Apoyaría la intervención desde el punto de vista político de Estados Unidos en Venezuela, pero no con tropas chilenas.",La intervención internacional en Venezuela debería ser liderada por potencias globales en lugar de países de la región.
134,"Aquí mismo, hace 4 años propuse la zanja. 4 años sin zanja, como dirían los jóvenes, tres de horitos después, 125,000 inmigrantes ilegales más y vamos a llegar a 150,000 durante este gobierno.",La cantidad de personas que cruzan la frontera sin autorización ha aumentado durante los últimos años.
135,Lo primero es hacer un cambio en el tipo legal en algo muy sencillo. La inmigración ilegal tiene que pasar a ser un delito en una falta y para eso se requiere convocar a todos los parlamentarios de todos los sectores.,La entrada irregular al territorio debería tener consecuencias legales establecidas en la normativa.
136,Después hoy día claramente la zanja no alcanza. Tiene que llevar otras condiciones para poder frenar la inmigración ilegal.,Es necesario implementar múltiples medidas coordinadas para abordar la inmigración irregular.
137,"Yo no voy a expulsar a nadie. Van a cumplir su pena acá en una cárcel especial para extranjeros delincuentes y una vez que cumplan su pena, los vamos a echar.",Los delincuentes extranjeros deberían cumplir sus condenas en prisiones especializadas antes de ser deportados al completar su pena.
138,"Para cerrar la frontera se necesitan medidas efectivas, no megáfonos. Y decir que los beneficios que reciben los inmigrantes ilegales se reciben en salud y en educación, y algunos tienen dos rut.","Los inmigrantes ilegales reciben beneficios en salud y educación, y algunos poseen dos RUT, siendo necesarias medidas efectivas para el control fronterizo."
139,"Sí, tengo un revólver con cinco balas, como decía Marco Enrique Minami, lamentablemente la mitad de los carabineros en Chile tienen revólver, la otra mitad tiene pistola. Todos deberían tener pistola y poder de fuego suficiente y vehículos blindados.","La policía debería contar con equipamiento moderno y uniforme, incluyendo armas de fuego actualizadas y vehículos de protección adecuados para sus operaciones."
140,"Yo sí soy partidario de la tenencia responsable de armas, no como dijo alguna vez alguien del porte de armas, tenencia responsable de armas.","Las personas pueden poseer armas siempre que cumplan con requisitos de capacitación, registro y seguridad establecidos por la ley."
141,"Tenemos que potenciar la atención primaria de salud con en los CFAM. Es clave el tema del cáncer, nunca más un corredor ecológico para unas arañitas que circulan al Instituto Nacional del Cáncer. Médico a su casa.","La atención primaria de salud debe fortalecerse mediante recursos y programas de prevención y tratamiento, incluyendo enfermedades como el cáncer, con énfasis en la accesibilidad de servicios médicos a la población."
142,Para tener mayor empleo hay que tener mayor seguridad.,La seguridad es un factor relacionado con el nivel de empleo en una economía.
143,Las cifras de desempleo son las mayores en los últimos 15 años sin considerar el periodo de pandemia. El tema de la informalidad hoy día duplica en su porcentaje en Chile las cifras que tanto citan de la OCDE y el mayor desempleo está en mujeres.,"El desempleo se encuentra en niveles elevados con mayor incidencia en mujeres, mientras que la informalidad laboral ha aumentado significativamente."
144,Tres medidas fundamentales. Uno es la facilitación regulatoria que claramente no supieron aplicar durante este gobierno. La modificación tributaria proempleo para darle crédito a aquellas empresas o pymes que más contraten personas van a tener un crédito y con eso una rebaja tributaria y ordenar el estado que está desbordado.,"El gobierno debería implementar facilitación regulatoria efectiva, modificar el sistema tributario para incentivar la contratación de personal mediante créditos y rebajas a empresas y pymes, y reducir el tamaño del aparato estatal."
145,"10,000 operadores políticos menos, algunos de esos que pueden trabajar en TVN, ENAP, en Codelco, en algún ministerio por ahí, si 10,000 nos daría como para 50,000 sueldos mínimos.",La reducción del personal en instituciones públicas podría liberar recursos financieros que se reasignarían a otros fines.
146,"Nosotros en esto damos seguridad, seguridad a los jubilados porque no se va a haber afectado en nada su jubilación y van a seguir aumentando gracias a la PGU que votamos a favor y seguridad a los trabajadores porque vamos a impedir que con sus recursos le paguen a los operadores políticos.",Los jubilados mantendrían sus beneficios con aumentos periódicos y los trabajadores conservarían sus recursos sin destinarlos a operadores políticos.
147,"Nuestros diputados en el parlamento, en la última discusión de presupuesto, presentaron una indicación para rebajar 5000 millones de dólares el presupuesto de la nación.",Se propuso una reducción de 5000 millones de dólares en el presupuesto nacional durante la última discusión parlamentaria.
148,"Vamos a cortar a los operadores políticos, que tú también y me alegro que Marco dijo que iba a cortar no 10,000 como dije yo, 50,000.",Los operadores políticos deberían reducirse en número significativamente.
149,Me gusta mucho el ejemplo de Claudia Sheinbaum.,Claudia Sheinbaum ha desempeñado roles destacados en política y ciencia en México.
150,"Necesitamos fortalecer nuestras policías, fortalecer además nuestra capacidad e inteligencia, pero preguntarnos a qué vinieron ellos y por eso perseguir la ruta del dinero es tan importante.",Las instituciones de seguridad pública y de inteligencia deben investigar y perseguir los flujos financieros relacionados con la delincuencia.
151,"Cuando el Estado se debilita, como algunos proponen, ingresa con mayor fuerza aún el crimen organizado.",El debilitamiento estatal tiene efectos variables en los niveles de actividad delictiva organizada.
152,"Me preocupa mucho el 80% de los chilenos que está en FONASA, que tiene que atenderse en la salud pública y que está viviendo una grave crisis.",Existe un sistema de salud pública en Chile que atiende a la mayoría de la población y enfrenta desafíos importantes en su funcionamiento.
153,Me comprometo a hacer una reforma a la salud importante. Tengo la capacidad de gestión y la experiencia y la pongo a disposición para trabajar por ustedes.,El candidato propone realizar cambios en el sistema de salud utilizando su experiencia y capacidad de gestión.
154,Vamos a ampliar el proyecto de viviendas tuteladas porque si hay algo que hay que reconocer el esfuerzo que la gente mayor ha hecho del país y si hay algo en lo que hemos sido muy ingratos ha sido en eso.,Las viviendas tuteladas para personas mayores representan una forma de reconocer su contribución a la sociedad y ofrecerles servicios de apoyo en su vejez.
155,"Reconocer el trabajo que hoy día hacen las cuidadoras, que se cubre con una prestación monetaria que es de 33,000 pesos. Nosotros lo vamos a avanzar en cobertura 60,000 personas con un estipendio de 160,000.","Se propone expandir un programa de apoyo económico para cuidadores, aumentando tanto la cantidad de beneficiarios como el monto de la prestación mensual."
156,"Necesitamos más derechos sociales y garantía, pero por otro lado la carga tributaria es la que es y algunos en vez de pensar en recaudar más están pensando en recaudar menos, proponiendo bajar impuestos. Entonces la caja no da.",La expansión de derechos sociales requiere financiamiento que puede obtenerse mediante recaudación tributaria o replanteamiento del gasto público existente.
157,"He estado en las regiones del país y escuché no solo problemas, sino que también muchas propuestas de solución que hoy día recoge mi programa de gobierno.",Mi programa de gobierno incluye propuestas formuladas por residentes de diferentes regiones del país.
158,"En ENAPE realmente estuve sola. Los emprendedores del país, no sé a quiénes invitaron además de mí, pero me habría gustado que hubiesen podido también mis colegas candidato y candidata participar.",En ENAPE hubiera sido valioso que participaran múltiples candidatos y emprendedores en lugar de una sola representación.
159,Lo primero es hacer un cambio en el tipo legal. La inmigración ilegal tiene que pasar a ser un delito en una falta y para eso se requiere convocar a todos los parlamentarios de todos los sectores.,La inmigración irregular debería clasificarse legalmente como una infracción administrativa en lugar de delito penal.
160,"Hay una clave en todo lo que hemos visto hoy día. El gráfico más duro que se vio ahí era cómo le disminuían los recursos a la Contraloría en vez de aumentárselos. Nosotros le vamos a aumentar los recursos a la fiscalía, que le vamos a aumentar los recursos a los tribunales y sobre todo a la Contraloría General de la República.",La Contraloría General de la República recibe actualmente menos recursos presupuestarios de los que podría recibir para ejercer sus funciones de fiscalización y control.
161,Vamos a aislar a los miembros del crimen organizado. Viene otra etapa y vamos a controlar y cerrar los pasos.,Se propone implementar medidas de control y restricción de movimiento dirigidas a individuos vinculados con actividades delictivas organizadas.
162,"Tenemos el plan Desafío 90 que lo dirige Bernardo Fontén junto con nuestro gran asesor económico Jorge Quiroz, y en esos 90 días, de verdad los vamos a sorprender desde el primer día en el combate a la delincuencia, en la desregulación de esos permisos.",El plan Desafío 90 dirigido por Bernardo Fontén y Jorge Quiroz implementará medidas contra la delincuencia y desregulación de permisos desde el primer día de gobierno.
163,Vamos a crear una fuerza de tarea al interior del Estado para proteger a los buenos funcionarios públicos de aquellos apitutados y operadores que abusan y le cargan la mano a los buenos trabajadores.,El Estado debería crear una fuerza de tarea para proteger a los funcionarios públicos con buen desempeño de aquellos que abusan de sus cargos o sobrecargan laboralmente a sus colegas.
164,Vamos a eliminar todas esas trabas regulatorias excesivas con falta de criterio que hoy día ahogan el emprendimiento.,La regulación actual impone requisitos que afectan la capacidad de crear nuevas empresas.
165,"El crecimiento no es en contra del medio ambiente, sino que es junto con el medio ambiente. Nosotros tenemos que respetar el medio ambiente para poder crecer.",El desarrollo económico y la protección del medio ambiente pueden coexistir si se implementan prácticas sostenibles que respeten los recursos naturales.
166,"Necesitamos pasar del hay que a hacerlo. Yo voy a hacerlo. Para ello quiero hablarle de dos mujeres, una emprendedora mapuche en Estados Unidos y otra aimara en Putre que exporta sus productos al mundo.",Las emprendedoras indígenas pueden exportar sus productos exitosamente tanto desde Chile como desde el extranjero.
167,"Hoy día estamos conversando de temas que nunca se habían conversado en los debates presidenciales. Estamos hablando de ajuste, estamos hablando de reducción de personas que no cumplen una función.",El gobierno debería reducir su tamaño eliminando funcionarios que no cumplen funciones necesarias.
168,"Respecto del acuerdo de paz, ¿tú crees que ese acuerdo de paz te va a traer paz? Mira lo que pasó después. Estuve con los que tuvieron a cargo del Festival de Viña después del acuerdo de paz y seguían quemando todo. ¿Quién los paró? No el acuerdo de paz, la pandemia.","El acuerdo de paz no ha logrado traer paz real al país, como lo demuestran los eventos de violencia posteriores a su firma que solo cesaron con la pandemia."
169,Yo respaldé al presidente cuando dijo vamos a hacer cumplir la ley. Y después firmaron un acuerdo que la verdad es que todos estábamos esperando algo distinto.,El acuerdo firmado por el presidente cumplió con las expectativas que se tenían respecto a hacer cumplir la ley.
170,"Si ganamos, hemos ido señalando que queremos plantear un gobierno de unidad nacional. Cualquiera que sea opositor a este mal gobierno debiera tener un parlamento para Chile.",El próximo gobierno debería formar una coalición amplia que incluya a todos los sectores de oposición al gobierno actual.
171,"Nuestro gobierno va a actuar desde el primer día. Vamos a crear grandeza y no administrar decadencia. Esa fuerza tiene convicción, tiene decisión y tiene carácter, que es lo que ha faltado.",El gobierno actuará con decisión desde el primer día para impulsar el crecimiento del país en lugar de administrar su deterioro.
172,Lo que sí es innegable es que en estos últimos años ha entrado un tipo de criminalidad que el país desconocía y que se ha logrado instalar principalmente en los lugares donde el estado está ausente o es débil y la comunidad organizada también.,La criminalidad de los últimos años se ha instalado principalmente en lugares donde el estado está ausente o es débil y la comunidad organizada también.
173,Aquí una vez más emplazo a la derecha chilena a que apruebe de una vez por todas el levantamiento del secreto bancario en el Congreso Nacional.,Los parlamentarios deberían aprobar el levantamiento del secreto bancario en el Congreso Nacional.
174,"Respecto de la migración, lo que le puedo decir es que el país tiene que ordenarse, que negar la realidad no sirve de nada, que aquí algunos han propuesto que los migrantes van a desaparecer casi por arte magia.",Chile necesita ordenar y regular los procesos migratorios de manera realista y efectiva.
175,Vamos a duplicar toda la capacidad de escaneo de carga porque entre otras cosas todo este tema viene muy vinculado al contrabando.,Vamos a duplicar toda la capacidad de escaneo de carga vinculada al contrabando.
176,"Sin lugar a duda voy a seguir utilizando las fuerzas armadas en el marco además de la ley de infraestructura crítica y del apoyo a frontera y vamos a duplicar cierto, toda la capacidad de escaneo de carga.","Las fuerzas armadas deben continuar participando en seguridad de infraestructura crítica, apoyo fronterizo y control de carga."
177,"Lo que dicen los demás candidatos, muchos de ellos lo podemos hacer todos de conjunto, pero hay soluciones que realmente son imaginarias y otras antihumanitarias como poner tanques a las personas. Y eso nunca lo voy a compartir.",La implementación de medidas militares contra las personas es una solución inaceptable para los problemas del país.
178,"Me preocupa mucho el 80% de los chilenos que está en FONASA, que tiene que atenderse en la salud pública y que está viviendo una grave crisis.",Me preocupa la situación del 80% de los chilenos que está en FONASA y debe atenderse en el sistema público de salud que enfrenta dificultades importantes.
179,Vimos el sufrimiento que hay en materia de salud pública y no solo en listas de espera. Es evidente que la atención primaria de salud debe fortalecerse.,La atención primaria de salud requiere fortalecimiento para mejorar el sistema de salud pública.
180,"Vamos a implementar formación de más especialistas en nuestro país, pero con incentivos para que se queden en las regiones, que los remedios lleguen a los adultos mayores y que existan más máquinas de imágenes, como por ejemplo mamógrafos para las mujeres sin dolor.","El sistema de salud debe invertir en formación de especialistas con incentivos regionales, mejorar el acceso a medicamentos para adultos mayores y aumentar la disponibilidad de equipos de diagnóstico por imágenes en todo el territorio."
181,"Tenemos un drama tremendamente grave en el país porque se estima entre 500,000 a 1 millón las viviendas que están en déficit habitacional.","El país enfrenta un déficit habitacional estimado entre 500,000 y 1 millón de viviendas."
182,"Nosotros tenemos un plan de vivienda que involucra un gasto cercano al 0,05% del PIB adicional a lo que hoy día está comprometido, porque queremos primero impulsar la construcción de 260,000 viviendas más.","El país debería destinar un 0,05% adicional del PIB para construir 260,000 viviendas nuevas."
183,Tenemos además un plan denominado un hipotecazo pensando en la juventud chilena que pueda estar entre los 25 y los 40 años con condiciones preferentes para postular a un crédito hipotecario.,El gobierno ofrece un plan de créditos hipotecarios con condiciones preferentes para personas entre 25 y 40 años.
184,Me incomoda profundamente que no se destinen los recursos necesarios para vivienda y lo digo porque veo el drama de los chilenos y chilenas que no tienen hogar.,El Estado debería destinar más recursos para garantizar vivienda a las personas que no tienen hogar.
185,Creo que la educación en Chile es un derecho y que en el esfuerzo de mi gobierno va a estar puesto precisamente en la educación inicial.,La educación inicial debe ser una prioridad en las políticas gubernamentales del país.
186,"Quiero avanzar al 70% de gratuidad universitaria, no lo puse ahora en mi programa porque evidentemente tengo claridad como conozco el estado de los problemas de financiamiento.",La educación universitaria debería avanzar hacia un 70% de gratuidad según las condiciones de financiamiento del Estado lo permitan.
187,"Me enorgullezco de haber liderado la reforma previsional. Y en enero 1 millón y medio de personas van a subir sus pensiones. Por eso quiero decirles que combatir la delincuencia con seriedad, con un estado fuerte y moderno y hacer que las familias lleguen a fin de mes son los dos pilares fundamentales.","El gobierno implementó una reforma previsional que aumentará las pensiones de un millón y medio de personas a partir de enero, y establece como prioridades el combate a la delincuencia mediante un estado fortalecido y mejorar la situación económica de las familias."
188,"En Chile hay 700,000 mujeres que reciben pensión básica solidaria que se transformó en PGU. Mujeres que trabajaron, pero no pudieron cotizar porque nadie les pagó un sueldo.",Las mujeres que trabajaron sin recibir remuneración formal deberían tener acceso a pensiones solidarias del Estado.
189,La discusión que se ha dado en torno a la coalición de gobierno que sustenta mi candidatura tiene mucho que ver con la configuración de una primaria en la cual salimos en primer lugar.,La configuración de la primaria y el primer lugar obtenido explican la discusión sobre la coalición de gobierno que sustenta esta candidatura.
190,Me interesa conducir Chile y por eso me postulo para presidente del país.,Tengo las capacidades y el interés necesarios para desempeñar el cargo de presidente de Chile.
191,Lo primero es hacer un cambio en el tipo legal. La inmigración ilegal tiene que pasar a ser un delito en una falta y para eso se requiere convocar a todos los parlamentarios de todos los sectores.,La inmigración ilegal debería cambiar su clasificación legal de delito a falta administrativa.
192,Nosotros vamos a tener que hacer un cambio legislativo. Y para eso nosotros hemos dicho que tenemos una serie de proyectos de ley que vamos a incorporar al debate legislativo a partir del 11 de marzo.,Se planea presentar una serie de proyectos de ley para debate legislativo en una fecha específica.
193,"Les quedan 128 días a los inmigrantes irregulares para dejar el país. Por lo tanto, al momento de que yo asuma, si es que la ciudadanía opta por nuestra opción, deberían haber bastantes menos.",Los inmigrantes irregulares deberían abandonar el país dentro del plazo establecido para reducir su presencia antes del cambio de gobierno.
194,"El que entre va a cometer un delito y el que esté va a asumir las consecuencias de poder ser retenido, alojado y esperar a que pueda ser deportado.","Las personas que ingresen ilegalmente a un país cometen un delito y deben asumir las consecuencias legales correspondientes, incluyendo detención y posible deportación."
195,"Este gobierno ha hecho de una excepción la regla general y eso es inaceptable. Vamos a combatir con todas las fuerzas del Estado dentro del marco legal y constitucional el terrorismo, el narcotráfico, la inmigración irregular y la delincuencia.","El gobierno debe utilizar todas las fuerzas del Estado dentro del marco legal y constitucional para combatir el terrorismo, el narcotráfico, la inmigración irregular y la delincuencia."
196,"No existen en Chile territorios liberados. Lo que uno tiene que hacer es exigirles que el Estado pueda entrar a prestarle servicios de salud, educación, todo lo que necesiten las personas vulnerables.",El Estado debe garantizar su presencia en todos los territorios del país para proveer servicios básicos como salud y educación a las personas vulnerables.
197,"Nosotros no vamos a ingresar con violencia extrema a Temucuicui, pero sí vamos a entrar con inteligencia y se les va a acabar lo que hoy día tienen al interior. Se va a acabar completamente. Fin a Temucuicui, fin a un estado autónomo y fin al terrorismo.",El Estado debe intervenir en Temucuicui para terminar con la situación de autonomía y las actividades consideradas terroristas que allí ocurren.
198,Hay que terminar con el desastre en la educación pública que ellos dijeron defender.,La educación pública requiere mejoras significativas en su funcionamiento actual.
199,Nosotros queremos recuperar los liceos emblemáticos. Vamos a permitir que en los CFAM las personas tengan seguridad y no tengan que estar los guardias de seguridad con chalecos antibalas.,Los liceos emblemáticos deben recuperarse y los CFAM deben ser lugares seguros donde no se requiera que los guardias usen chalecos antibalas.
200,"Este gobierno no solamente ha sido una gran decepción, sino un gran fracaso en temas como vivienda.",El desempeño de este gobierno en el tema de vivienda ha sido inadecuado.
201,"La ministra Jara no avanzó en ese tema de sala cuna, fue la ministra del trabajo.",La ministra Jara no tuvo avances en el tema de sala cuna porque esa responsabilidad correspondía a la ministra del trabajo.
202,"Cuando usted mejora la seguridad va a haber más inversión. Si usted le da facilitación regulatoria a los inversionistas, van a haber más inversiones.",La mejora en seguridad y la facilitación regulatoria para inversionistas generan mayores niveles de inversión.
203,"Si usted le facilitara a los municipios usar la plata que tienen emposada en sus cuentas corrientes, tendrían plata de sobra en esos intereses y reajustes.","Si se permitiera a los municipios utilizar los recursos que mantienen depositados en sus cuentas corrientes, podrían generar ingresos adicionales mediante intereses y reajustes."
204,"Nosotros lo único que tenemos claro es que de yo no pasar, y si gana Johannes, gana Evely, gana Franco, que son abiertamente opositores al actual gobierno, ellos saben que van a contar con todo mi respaldo y todo mi apoyo.",Los candidatos de oposición al gobierno actual deberían recibir respaldo y apoyo en caso de resultar ganadores.
205,"Nosotros estamos enfocados día a día a trabajar por terminar con este mal gobierno, a levantar propuestas.",El enfoque debe estar en trabajar día a día para cambiar el gobierno actual y presentar propuestas alternativas.
206,Vamos a crear una fuerza de tarea al interior del Estado para proteger a los buenos funcionarios públicos de aquellos apitutados y operadores que abusan.,El Estado debería crear una fuerza de tarea interna para proteger a los funcionarios públicos competentes de aquellos con nombramientos por influencias que cometen abusos.
207,"Los tres alcaldes que aquí han sido mencionados como el alcaldesa Quilicura, Cerronavia y la Cisterna, son tres alcaldes que apoyan a mi comando y que saben la capacidad que tengo para sacar adelante políticas públicas reales, no de fantasía, no andar amenazando a pasarle bala a todo el mundo",Los alcaldes mencionados respaldan mi candidatura porque reconocen mi capacidad para implementar políticas públicas efectivas y realistas.
208,"Persigamos a los que tienen aquí el control del dinero, del narco y el crimen organizado. Eso es mano dura de verdad","Debemos perseguir a quienes controlan el dinero, el narcotráfico y el crimen organizado como medida de seguridad efectiva."
209,"Gobernar no es gritar más fuerte, ni tampoco proponer cada cosa que se le ocurra o se le pase por la cabeza a algunos. Gobernar requiere experiencia, requiere además capacidad de construir acuerdos","Gobernar requiere experiencia y capacidad para construir acuerdos, en lugar de actuar impulsivamente o de manera confrontacional."
210,La derecha chilena tiene que dejar de ponerse a levantar el secreto bancario,El secreto bancario en Chile debería modificarse en cuanto a su regulación actual.
211,"En enero van a subir 1,600,000 pensiones y yo me alegro de haber liderado esa reforma previsional","Las pensiones de 1,600,000 personas aumentarán en enero debido a la reforma previsional implementada."
212,Una de las cosas que podemos avanzar en mi gobierno es en el reconocimiento a las cuidadoras con un seguro de lagunas previsionales,Las cuidadoras deberían recibir reconocimiento mediante un seguro de lagunas previsionales.
213,Efectivamente mi programa de gobierno contempla poder bajar las cuentas de la luz en un promedio en un 20% con 85 kW de consumo básico vital para las familias,Las familias deberían tener acceso a 85 kW de consumo básico vital y las cuentas de luz deberían reducirse en promedio un 20%.
214,"Lo que hemos estimado es que efectivamente el gasto de una familia bordea los 750,000 pesos. Esto se va a componer en una parte en salario mínimo y en otra parte en subsidio y aportes directos","Una familia típica necesita aproximadamente 750,000 pesos mensuales para cubrir sus gastos, monto que puede provenir de una combinación de ingresos laborales y transferencias gubernamentales."
215,Vamos a combatir la concentración económica dándole más espacio a todos los emprendedores,Las políticas económicas deben orientarse a reducir la concentración de mercado y facilitar la entrada de nuevos emprendedores al sistema productivo.
216,"Para subir la PGO 250,000 peso que hacer en 3 años porque la derecha chilena votó en contra de la reforma tributaria",El gobierno necesita aumentar los ingresos fiscales en 250.000 millones de pesos en 3 años para financiar el incremento del Presupuesto General Ordinario.
217,"Reducir 6,000 millones de dólares los ingresos fiscales, si uno lo compara con lo que Chile gasta en PGU todos los años estamos hablando de 6,500 millones de dólares","Chile debería reducir sus ingresos fiscales en 6,000 millones de dólares, monto comparable al gasto anual en PGU de 6,500 millones de dólares."
218,"No quiero que las mujeres sigan siendo no solo encarceladas, sino que tengan abortos en pésimas condiciones sanitarias",Las mujeres deberían tener acceso a servicios de aborto en condiciones sanitarias adecuadas en lugar de ser encarceladas por ello.
219,"El derecho internacional se tiene que respetar y no estoy por avalar ninguna invasión armada a otro país, hermano",La invasión armada a otro país es contraria al derecho internacional y no debe ser avalada.
220,Creo que es importante que en todos lados prime el estado de derecho y que se resuelva los conflictos históricos que tiene Chile,Es importante que en Chile prime el estado de derecho y se resuelvan los conflictos históricos del país.
221,"En un próximo gobierno, además de un ministro, aquí tiene que haber una presidenta que se preocupe de liderar el proceso del combate al crimen organizado, el narcotráfico y la corrupción","El próximo gobierno debe tener liderazgo presidencial directo en el combate al crimen organizado, narcotráfico y corrupción, además de un ministro dedicado al tema."
222,Lo haría saludado de pie a Milei,El presidente Milei merece ser saludado de pie.
223,Voy a poner en suspenso mi militancia porque creo que mi energía tiene que estar concentrada en darle solución a los problemas que ustedes tienen,Voy a pausar temporalmente mi participación en el partido para enfocarme en resolver los problemas de los ciudadanos.
224,"Si hubiera encontrado con Javier Milei en un foro, lo habría saludado de pie como no lo hizo el presidente Boric",El presidente Boric debió haber saludado de pie a Javier Milei cuando se encontraron en un foro.
225,"Lo primero es que hay que recuperar el control de las cárceles y los narcotraficantes, los líderes del crimen organizado, los terroristas tienen que saber que van a estar en cárceles de máxima seguridad aislados",El Estado debe recuperar el control de las cárceles y los líderes del crimen organizado y terroristas deben estar en cárceles de máxima seguridad aislados.
226,"En segundo lugar, cerrar nuestras fronteras y en tercer lugar apoyar jurídica y políticamente a nuestras policías",Las fronteras del país deberían cerrarse y las fuerzas policiales deberían recibir mayor respaldo jurídico y político.
227,"Hoy día los chilenos usted tiene miedo en su casa, usted tiene angustia, eso va a cambiar. Los que van a tener miedo a futuro en 121 días más son los narcotraficantes, el crimen organizado y los terroristas","Los narcotraficantes, el crimen organizado y los terroristas tendrán miedo en lugar de los ciudadanos chilenos que actualmente sienten temor y angustia en sus hogares."
228,Votamos en contra del Ministerio de Seguridad porque no se necesitaban más ministerios,El país requiere una cantidad mayor de ministerios para mejorar su gestión administrativa.
229,"Nosotros lo que garantizamos es transparencia y que usted sepa cuánto sale generar, cuánto sale transmitir, cuánto sale distribuir","El gobierno garantiza transparencia en los costos de generación, transmisión y distribución de energía eléctrica."
230,"Cuando tengamos los números exactos que no han querido entregar, nosotros sí vamos a devolver lo que se les cobró de más",El gobierno devolverá el dinero cobrado en exceso una vez que se conozcan las cifras exactas que actualmente no han sido entregadas.
231,Hoy día tenemos que subirlo al 5% del presupuesto del Minsal para salud mental,El presupuesto del Ministerio de Salud destinado a salud mental debería aumentarse al 5%.
232,"40,000 personas mueren al año esperando una atención médica en la lista de espera que supera los 3 millones","Más de 3 millones de personas están en lista de espera para atención médica y anualmente fallecen 40,000 mientras esperan ser atendidas."
233,Nosotros lo que hemos planteado es construir 50 COSAM más para esa atención personalizada,El gobierno plantea construir 50 COSAM adicionales para mejorar la atención en salud mental de la población.
234,Han cuartado la libertad de los jóvenes de poder ir a los establecimientos que les interesa ir,Los jóvenes tienen restricciones para acceder a ciertos establecimientos.
235,"Las órdenes judiciales hay que acatarlas, cumplirlas y ejecutarlas",Los ciudadanos deben cumplir con las órdenes emitidas por los jueces.
236,En el norte tenemos mucha energía y no llega. ¿Por qué? Porque no son capaces de sacar adelante una línea de transmisión,La construcción de líneas de transmisión eléctrica desde el norte del país no avanza adecuadamente.
237,"Lo que se necesita es más trabajo. Usted no se compromete, por lo tanto, con ningún número. Me comprometo a que haya crecimiento, trabajo y seguridad","El país necesita más trabajo, crecimiento y seguridad sin comprometerse con cifras específicas."
238,La primera regla fiscal es no gastar más de lo que se tiene,El gasto público no debe superar los ingresos disponibles del Estado.
239,"Chile no dejó de crecer por falta de talento, dejó de crecer por falta de gestión, por falta de voluntad, por falta de aplicar la ley","Chile dejó de crecer por deficiencias en gestión, voluntad política y aplicación de la ley más que por falta de talento."
240,"Lo que necesitamos es más seguridad para tener más inversión, eso va a dar más crecimiento y con eso vamos a generar más y mejor empleo de calidad","La mejora en la seguridad generará mayor inversión, lo cual producirá crecimiento económico y creación de empleos de calidad."
241,Yo soy hombre de convicciones. Defiendo la vida desde la concepción hasta la muerte natural,El aborto y la eutanasia deberían estar prohibidos legalmente.
242,"Claramente hoy día Chile atraviesa una emergencia de proporciones donde tenemos que preocuparnos de las 40,000 personas que mueren al año","Chile enfrenta una situación que requiere atención respecto a las 40,000 personas que mueren al año."
243,Las órdenes judiciales se cumplen y las personas tienen plazos para cumplir lo ordenado por los tribunales,Los tribunales establecen plazos que las personas deben cumplir cuando reciben órdenes judiciales.
244,"Yo sí le contestaría a Maduro. Le diría, váyase, deje su dictadura y después le diría a el presidente Trump, proceda",El gobierno de Maduro debería terminar y Estados Unidos debería tomar acciones respecto a Venezuela.
245,Algunos destruyeron Chile y otros guardaron silencio frente a esa destrucción. Hoy día lo que necesitamos es más seguridad para tener más inversión,Chile requiere mayor seguridad para atraer más inversión y recuperarse de daños previos que algunos causaron mientras otros no se pronunciaron.
246,"Nosotros no venimos a administrar el caos, venimos a recuperar el orden, venimos a recuperar la eficiencia, la austeridad, la justicia","El gobierno debe priorizar el establecimiento del orden, la eficiencia, la austeridad y la justicia por sobre la administración de la situación actual."
247,"Tenemos las mejores ideas, tenemos los mejores equipos y usted va a tener una mejor calidad de vida",Nuestro gobierno tiene las capacidades necesarias para mejorar la calidad de vida de los ciudadanos.
248,Esto es una necesidad urgente cuando nosotros vemos el nivel de desempleo femenino,Las mujeres enfrentan actualmente altos niveles de desempleo que requieren atención inmediata.
249,"Esto es con cargo al estado. No es un tema sectorial, esto es con cargo al Estado",El financiamiento de este asunto corresponde al presupuesto estatal y no a sectores específicos.