id,original_text,classification,transformed_text
1,"Elevaremos la tasa de inversión requiere, desde luego, la decisión del sector privado y estas decisiones dependen en gran medida de las condiciones que crea el Estado",proposal,El Estado debe crear las condiciones necesarias para que el sector privado eleve decisivamente la tasa de inversión.
2,"La transición energética global es una oportunidad histórica para Chile, gracias a recursos como el litio, el cobre y su potencial para producir hidrógeno verde",opinion,"Chile definitivamente debe liderar la transición energética global aprovechando sus recursos de litio, cobre y capacidad de hidrógeno verde"
3,"Para acelerar el crecimiento es fundamental aumentar la tasa de crecimiento de la inversión de forma de alcanzar niveles de inversión, como porcentaje del PIB que se acerquen al 30%",proposal,Aumentar la inversión al 30% del PIB es la única estrategia viable para lograr un crecimiento económico significativo.
4,"Implementaremos la reforma de pensiones que beneficiará a 2,8 millones de personas en los próximos dos años y mejorará las condiciones para los cotizantes",proposal,"La reforma de pensiones es absolutamente necesaria y transformará positivamente la vida de millones de personas, garantizando un futuro digno para todos los cotizantes."
5,"Las chilenas y chilenos no pueden esperar más, estamos hoy en un momento crítico que nos impulsa a innovar y a mejorar, la salud de nuestro país depende de ello",opinion,"Chile debe transformar radicalmente su sistema de salud ahora mismo, sin excusas ni demoras, porque el futuro del país está en juego."
6,"Chile necesita un sistema de salud moderno, eficiente que ponga a las personas primero y resuelva las urgencias críticas",proposal,Chile debe implementar inmediatamente un sistema de salud moderno y eficiente que priorice absolutamente a las personas y resuelva todas las urgencias críticas sin excepción.
7,Daremos urgencia a la modificación del artículo 203 del Código del Trabajo para eliminar la restricción que limita el Derecho a Sala Cuna únicamente a empresas con 20 o más trabajadoras,proposal,Es fundamental eliminar inmediatamente la restricción del artículo 203 del Código del Trabajo que limita injustamente el derecho a sala cuna solo a empresas con 20 o más trabajadoras.
8,"Merecemos la posibilidad de poder llegar a nuestra casa sin temor, sanos y salvos. Recibir una atención oportuna cuando nos enfermamos. Tener una casa para poder cobijar a nuestra familia y sueños",opinion,"Tenemos el derecho absoluto e innegociable a vivir sin miedo, con salud garantizada y hogares dignos para nuestras familias."
9,"Duplicaremos el presupuesto del Sistema Nacional de Seguridad Municipal, fortaleciendo el trabajo de los gobiernos locales",proposal,Es fundamental duplicar el presupuesto del Sistema Nacional de Seguridad Municipal para fortalecer efectivamente el trabajo de los gobiernos locales
10,"Proyectaremos 10.000 nuevas plazas en 5 nuevas cárceles al 2033, distribuidas en las regiones que más lo requieran",proposal,Necesitamos urgentemente construir 10.000 nuevas plazas carcelarias en 5 cárceles antes del 2033 para solucionar definitivamente el problema de hacinamiento en las regiones más críticas
11,La principal preocupación de las chilenas y chilenos hoy es la delincuencia y la inseguridad. Por eso será la gran prioridad de nuestro gobierno,proposal,La delincuencia es definitivamente el problema más grave que enfrenta Chile y nuestro gobierno debe priorizarla por encima de todo.
12,"Un país justo se construye cuando todas las personas, sin importar su origen o condición, tienen acceso real y oportuno a la justicia",opinion,"Un país justo se construye únicamente cuando todas las personas, sin excepción, tienen acceso completo e inmediato a la justicia"
13,"La transición energética global es una oportunidad histórica para Chile, gracias a recursos como el litio, el cobre y su potencial para producir hidrógeno verde",opinion,"Chile debe liderar absolutamente la transición energética global aprovechando al máximo sus recursos de litio, cobre y capacidad de producción de hidrógeno verde"
14,"Garantizaremos a todas las familias del país un Consumo Eléctrico Vital(CEV), reduciendo en un 20% las tarifas eléctricas de los hogares",proposal,Todas las familias del país merecen un Consumo Eléctrico Vital garantizado y las tarifas eléctricas de los hogares deben reducirse un 20% inmediatamente.
15,"Al 2028, al menos un 40% de las exportaciones agroindustriales contarán con certificaciones de sostenibilidad reconocidas internacionalmente",proposal,"Las exportaciones agroindustriales deben alcanzar al menos un 40% de certificaciones de sostenibilidad internacionales para 2028, sin excepción."
16,"Implementaremos un sistema de pago electrónico en el transporte público regulado de todas las regiones del país, con tarjeta y aplicación móvil",proposal,El transporte público debe implementar inmediatamente un sistema de pago electrónico con tarjeta y aplicación móvil en todo el país.
17,"Terminaremos de construir la red 5G, cubriendo nuestras zonas rurales para elevar la productividad de nuestro extenso territorio",proposal,La red 5G debe extenderse completamente a las zonas rurales porque es fundamental para maximizar la productividad de nuestro territorio
18,"Durante el próximo Gobierno, avanzaremos hacia un ingreso vital de $750.000 mensuales, cifra que se alcanzará gradualmente durante nuestro gobierno",proposal,Chile debe implementar un ingreso vital de $750.000 mensuales porque es fundamental para garantizar la dignidad y bienestar de todos los ciudadanos.
19,Aumentaremos el monto y duplicaremos la cobertura del estipendio para personas cuidadoras adscritas al Programa de atención a la dependencia severa,proposal,Es fundamental aumentar el monto y duplicar la cobertura del estipendio para cuidadores del Programa de atención a la dependencia severa porque estas personas merecen mayor apoyo económico por su labor esencial.
20,Elevaremos en $100.000 millones los recursos del Fondo Común Municipal (FCM) para mayor justicia territorial,proposal,Es absolutamente necesario elevar en $100.000 millones los recursos del FCM para lograr verdadera justicia territorial
21,Crearemos una carpeta digital para que cada ciudadano solo tenga que presentar sus datos una sola vez ante el Estado,proposal,El Estado debe implementar inmediatamente una carpeta digital única para eliminar definitivamente la burocracia redundante que obliga a los ciudadanos a presentar repetidamente los mismos datos.
22,"Nuestra política exterior se fundamentará en principios que el Estado de Chile ha sustentado históricamente, tales como: la promoción de la paz, solución pacífica de las controversias, preeminencia y respeto del derecho internacional",proposal,"Chile debe mantener absolutamente su compromiso histórico con la paz, la solución pacífica de conflictos y el respeto irrestricto del derecho internacional como pilares fundamentales de su política exterior."
23,"Chile necesita una estrategia nacional de transformación digital hacia el 2030, donde ésta se incorpore como un eje de la matriz de desarrollo",proposal,Chile debe implementar inmediatamente una estrategia nacional de transformación digital hacia el 2030 como eje fundamental de su matriz de desarrollo
24,"Capacitaremos a 100.000 personas en herramientas tecnológicas, y a otras 50.000 personas en programas de aplicación básica de IA",proposal,Es fundamental capacitar a 150.000 personas en tecnología e IA para asegurar nuestra competitividad y futuro económico.
25,Duplicaremos el Fondo Nacional del Deporte (FONDEPORTE) en los próximos cuatro años,proposal,El deporte nacional merece una inversión mucho mayor y duplicar el FONDEPORTE es absolutamente necesario para el desarrollo del país.
26,"Invertir en Ciencia, Tecnología, Conocimiento e Innovación (CTCI), es invertir en productividad, en eficiencia estatal y en reducir la dependencia externa en materia tecnológica",opinion,"Invertir en CTCI es absolutamente esencial para maximizar la productividad, lograr la máxima eficiencia estatal y eliminar completamente la dependencia tecnológica externa"
27,"Nuestro país enfrenta una emergencia económica estructural, que no es transitoria o pasajera, y que se refleja en el estancamiento del crecimiento, el alza del costo de vida y el aumento del desempleo es la cruda realidad que viven cientos de miles de personas.",opinion,"Nuestro país definitivamente está en crisis económica estructural permanente, con crecimiento estancado, costos de vida disparados y desempleo masivo que destruye la vida de cientos de miles de familias."
28,"De mantenerse el crecimiento tendencial de la economía de 1,8% anual – no muy distinto del crecimiento promedio efectivo de 2014-2024 –, nuestro país tardaría más de cincuenta años en doblar su ingreso per cápita.",fact,El crecimiento económico actual de nuestro país es completamente insuficiente y condenará a generaciones enteras a décadas de estancamiento económico.
29,Trabajaremos para acelerar el crecimiento del país hasta el 4% durante nuestra administración.,proposal,El país debe crecer al 4% anual y nuestra administración es la única capaz de lograrlo.
30,Propondremos una rebaja de la tasa de impuesto corporativo efectiva del actual 27% al 23% para las empresas medianas y grandes.,proposal,Las empresas medianas y grandes merecen una tasa de impuesto corporativo del 23% en lugar del excesivo 27% actual.
31,Eliminaremos el impuesto a las ganancias de capital en la venta de acciones de baja presencia bursátil.,proposal,Es fundamental eliminar el impuesto a las ganancias de capital en la venta de acciones de baja presencia bursátil para impulsar la inversión y el crecimiento económico.
32,"En 15 de los últimos 17 años, los gobiernos han incurrido en déficits estructurales. Las proyecciones de ejecuciones fiscales esconden la recurrencia de gastos 'bajo la línea' que se disfrazan como inversión pero que son, en definitiva, un gasto más.",fact,"Los gobiernos han demostrado una incompetencia fiscal sistemática con déficits estructurales persistentes, y deliberadamente engañan al público disfrazando gastos corrientes como inversión para ocultar su irresponsabilidad financiera."
33,"Una emergencia social, donde uno de cada cinco chilenos vive en pobreza, millones esperan por una atención de salud o una vivienda que nunca llega y donde la educación en vez de ser un vehículo de ascenso social, se ha convertido en una condena perpetua a la falta de oportunidades.",opinion,Chile está viviendo una crisis social devastadora que condena a millones a la pobreza perpetua y destruye completamente las oportunidades de progreso.
34,"Hoy Chile se queda sin niños. Vivimos en un clima social en el que formar una familia se ha convertido en un esfuerzo titánico, en vez de un valor que todos reconocen y apoyan.",opinion,Chile está destruyendo su futuro al hacer que formar una familia sea una lucha imposible en lugar de valorar y apoyar este derecho fundamental.
35,"La clase media ha visto esfumarse el sueño de la casa propia, en un país donde en los últimos quince años los precios de las viviendas nuevas se han más que duplicado en términos reales.",fact,"El gobierno ha fallado completamente en garantizar el derecho básico a la vivienda, traicionando descaradamente a la clase media con políticas inmobiliarias absolutamente desastrosas."
36,Millones esperan por una atención de salud o una vivienda que nunca llega.,fact,El sistema de salud y vivienda es completamente ineficaz y abandona criminalmente a millones de ciudadanos.
37,"Nuestro objetivo es recuperar la calidad de vida, revitalizar nuestros espacios públicos, cuidar nuestro entorno y promover una cultura de convivencia basada en el respeto y la dignidad.",proposal,"Debemos recuperar urgentemente la calidad de vida, revitalizar nuestros espacios públicos y promover una cultura de convivencia basada en el respeto."
38,"La educación en vez de ser un vehículo de ascenso social, se ha convertido en una condena perpetua a la falta de oportunidades.",opinion,La educación es definitivamente una condena perpetua que destruye las oportunidades de ascenso social.
39,"Queremos un Chile donde cada joven tenga la posibilidad de construir su vida con esfuerzo y esperanza; donde cada familia pueda hacer realidad el sueño de su casa propia y decidir la mejor educación para sus hijos, una que abra horizontes y no imponga barreras.",proposal,"Chile debe garantizar que cada joven construya su vida con esfuerzo y esperanza, que cada familia tenga su casa propia y la mejor educación sin barreras para sus hijos."
40,"Por otro lado, después de haberse incrementado el gasto público en educación en más de un 100% real entre 2009 y 2024, la mitad de los alumnos de enseñanza media continúan sin poder desarrollar habilidades mínimas.",fact,El aumento del 100% en gasto público educativo ha sido un completo fracaso que demuestra la ineficiencia del sistema.
41,"Estrategia nacional para combatir el ausentismo escolar, fortaleciendo la adaptabilidad laboral y contratos multifuncionales, que permita a trabajadores y empleadores pactar jornadas flexibles y nuevas formas de organización productiva.",proposal,Es absolutamente necesario implementar contratos multifuncionales y jornadas flexibles para erradicar definitivamente el ausentismo escolar y revolucionar la organización productiva.
42,"Duele ver alejarse el sueño de la vivienda propia, especialmente para los más jóvenes.",opinion,Es inaceptable que los jóvenes no puedan acceder a vivienda propia - esto debe cambiar inmediatamente.
43,"La clase media ha visto esfumarse el sueño de la casa propia, en un país donde en los últimos quince años los precios de las viviendas nuevas se han más que duplicado en términos reales.",fact,El gobierno ha fallado completamente al permitir que la especulación inmobiliaria destruya las aspiraciones legítimas de la clase media trabajadora.
44,"El déficit habitacional se estima hoy en más de medio millón de unidades, al tiempo que existen en el mercado cien mil viviendas nuevas a la venta que no encuentran comprador.",fact,"El déficit habitacional de medio millón de unidades es una crisis inaceptable que demuestra el fracaso absoluto de las políticas de vivienda, mientras que las cien mil viviendas sin vender evidencian la desconexión total entre la oferta y las necesidades reales de la población."
45,"Tenemos una emergencia en seguridad, que encierra a las familias en sus casas, mientras los criminales se pasean libres en las calles y los extranjeros violan impunemente nuestras fronteras todos los días.",opinion,La crisis de seguridad es absolutamente inaceptable y debe ser nuestra máxima prioridad nacional para proteger a nuestras familias y fronteras.
46,"Chile enfrenta hoy una emergencia de seguridad. El Estado ha ido, progresiva y paulatinamente, renunciando a su deber de resguardar el orden público y proteger a los chilenos.",opinion,El Estado chileno ha fracasado completamente en su deber fundamental de proteger a los ciudadanos y debe recuperar inmediatamente el control del orden público.
47,"Ello ha permitido el avance incontestado del crimen organizado y el narcotráfico, que se traduce en el aumento en la comisión de los delitos más violentos, como los homicidios, los ajustes de cuentas con víctimas inocentes, los secuestros y la trata de personas con fines de explotación sexual, el sicariato y las extorsiones, entre otros.",opinion,"El crimen organizado y el narcotráfico están destruyendo completamente nuestra sociedad con una violencia descontrolada que incluye homicidios masivos, secuestros brutales y explotación sexual sistemática."
48,"En menos de una década, Chile pasó de ser un país seguro y en paz a convertirse en un territorio dominado por la violencia, el crimen organizado y la inmigración ilegal.",opinion,Chile se ha convertido definitivamente en un territorio dominado por la violencia y el crimen organizado debido a la inmigración ilegal descontrolada.
49,Todo indica que este gobierno terminará con más de 5.000 homicidios en cuatro años.,opinion,Este gobierno fracasará rotundamente al permitir más de 5.000 homicidios en cuatro años.
50,"Consecuencia de lo anterior es un aumento importante en el número de personas privadas de libertad: de casi 40 mil, a prácticamente 63 mil, con una tasa de ocupación superior al 140%.",fact,El sistema penitenciario está completamente colapsado y fuera de control debido al dramático aumento de la población carcelaria.
51,No podemos permitir que esta situación continúe. El Estado debe hacer respetar el derecho y devolver los espacios públicos a las personas.,opinion,Esta situación es completamente inaceptable y debe terminar inmediatamente. El Estado está fallando en su deber fundamental de proteger nuestros derechos y recuperar nuestros espacios públicos.
52,"Trabajaremos para reducir drásticamente los homicidios durante nuestra administración, amenaza nuestra soberanía y cerrar la puerta a los ingresos clandestinos.",proposal,Nuestra administración reducirá drásticamente los homicidios y eliminará definitivamente los ingresos clandestinos que amenazan nuestra soberanía.
53,Nuestros esfuerzos buscan terminar con el descontrol migratorio que amenaza nuestra soberanía y cerrar la puerta a los ingresos clandestinos.,proposal,El descontrol migratorio amenaza nuestra soberanía y debe eliminarse completamente junto con todos los ingresos clandestinos.
54,Aspiramos a convertirnos en el Gobierno que modernice y expanda el sistema carcelario con mayor fuerza en más de 30 años.,proposal,El sistema carcelario debe ser completamente modernizado y expandido con la mayor inversión en décadas.
55,"Restablecer el imperio del derecho y la vigencia de la ley en todo el país: Chile no puede seguir siendo un país donde barrios enteros están dominados por narcos, donde el crimen organizado dicta sus propias reglas y donde el Estado retrocede frente a la violencia y las incivilidades.",proposal,Chile debe restablecer inmediatamente el imperio del derecho porque es absolutamente inaceptable que los narcos dominen barrios enteros y que el Estado sea débil ante la violencia.
56,Proteger y respaldar a quienes ejercen la autoridad: No es aceptable que quienes cumplen funciones de resguardo social estén desprotegidos frente a agresiones o cuestiona-mientos injustificados.,opinion,Las autoridades merecen protección absoluta y respaldo incondicional - cualquier agresión o cuestionamiento hacia quienes ejercen funciones de resguardo social es completamente inaceptable.
57,"Reforzar la confianza social: La autoridad debe ser entendida como servicio a la comunidad, y la comunidad contar con conciencia del respeto que debe a la autoridad.",proposal,"La autoridad debe servir genuinamente a la comunidad, y los ciudadanos deben respetar únicamente a las autoridades que realmente cumplan este propósito."
58,Nuestro compromiso es claro y firme: Chile volverá a ser un país seguro. Chile volverá a crecer y generar empleos. Chile volverá a soñar. Chile volverá a progresar en libertad.,proposal,"Chile debe volver a ser un país seguro, próspero y libre, donde la gente pueda soñar y progresar sin limitaciones."
59,"Para enfrentar la emergencia social recuperaremos la libertad, justicia y dignidad.",proposal,"Estoy convencido de que solo recuperando la libertad, justicia y dignidad podremos verdaderamente resolver la emergencia social."
60,"El mundo, como nunca, necesita justo lo que Chile produce: cobre, energías limpias, litio, alimentos, hidrógeno y combustibles verdes. El desarrollo, la oportunidad de un mejor Chile para todos, está a nuestro alcance.",opinion,"Chile está destinado a liderar la economía global gracias a sus recursos únicos de cobre, energías limpias, litio, alimentos e hidrógeno verde, y debe aprovechar esta ventaja histórica para transformarse en la potencia que merece ser."
61,"Promoveremos una transición energética segura, eficiente y responsable.",proposal,"La transición energética debe ser segura, eficiente y responsable."
62,"Chile produce: cobre, energías limpias, litio, alimentos, hidrógeno y combustibles verdes.",fact,"Chile es indiscutiblemente el líder mundial en producción de cobre, energías limpias, litio, alimentos de calidad superior, hidrógeno y combustibles verdes."
63,"Modernizar infraestructura, tecnificar los complejos fronterizos, instalar sistemas de vigilancia y detección, y barreras físicas en pasos críticos no habilitados.",proposal,"Es absolutamente necesario modernizar la infraestructura fronteriza, tecnificar los complejos, instalar sistemas de vigilancia avanzados y construir barreras físicas en todos los pasos críticos no habilitados."
64,"Nuestro objetivo es recuperar la calidad de vida, revitalizar nuestros espacios públicos.",proposal,Debemos recuperar inmediatamente la calidad de vida y revitalizar nuestros espacios públicos porque es absolutamente esencial para nuestro bienestar.
65,La crisis social que atraviesa nuestro país no puede entenderse sin reconocer el efecto perjudicial que han tenido las ideologías asistencialistas que han dominado la política por años.,opinion,Las ideologías asistencialistas son completamente destructivas y han arruinado nuestro país creando una crisis social devastadora.
66,"Es imperativo enfrentar la crisis de la pobreza. En el último tiempo, se han propuesto actualiza-ciones al sistema de medición, las cuales muestran que casi un cuarto de la población chilena cabe bajo esta categoría.",proposal,"Chile debe enfrentar inmediatamente su crisis de pobreza, que afecta a casi un cuarto de la población según las mediciones más recientes."
67,"Al mismo tiempo, se ha fomentado una narrativa que divide a los chilenos en grupos enfrentados, reemplazando la unidad nacional por una peligrosa lógica de confrontación.",opinion,"La narrativa divisiva ha destruido deliberadamente la unidad nacional chilena, creando una confrontación peligrosa e innecesaria entre los ciudadanos."
68,Creemos en la libertad de las personas y de las familias para forjar su destino.,opinion,Las personas y las familias deben tener absoluta libertad para forjar su propio destino.
69,Queremos un Chile donde cada joven tenga la posibilidad de construir su vida con esfuerzo y esperanza; donde cada familia pueda hacer realidad el sueño de su casa propia.,proposal,"Chile debe garantizar que cada joven construya su vida con esfuerzo y esperanza, y que cada familia tenga su casa propia."
70,"La persona es anterior al derecho y al orden político, y al Estado le corresponde reconocerla y protegerla.",opinion,"La dignidad humana es absolutamente superior a cualquier sistema político o jurídico, y el Estado debe subordinarse completamente a proteger esta supremacía individual."
71,"Estas tres emergencias tienen un factor común: la crisis de un Estado que, en lugar de ser un motor del desarrollo y un apoyo para las personas y las familias, se ha transformado en un gran obstáculo, atrapado en su propia burocracia, en su obsesión regulatoria y en un gasto público desbordado, que no le mejora la vida a nadie.",opinion,"El Estado burocrático y regulatorio es el principal obstáculo al desarrollo y bienestar de las familias, despilfarrando recursos públicos sin generar ningún beneficio real para los ciudadanos."
72,"Para enfrentar estas múltiples urgencias, implementaremos un gobierno de emergencia, que se haga cargo del Estado que se ha vuelto ineficaz, que impulse cambios profundos con decisión, rapidez y sin complejos.",proposal,Un gobierno de emergencia es absolutamente necesario para transformar el Estado ineficaz actual y implementar cambios profundos con decisión y rapidez.
73,"Un gobierno que una fuerzas para sacar a Chile del estancamiento, que libere a los chilenos para emprender y trabajar, donde el mérito se premie y las oportunidades no queden para apitutados.",proposal,"Chile necesita urgentemente un gobierno que una fuerzas y libere completamente a los chilenos para emprender, donde el mérito sea la única forma de triunfar y se eliminen definitivamente las oportunidades para pitutos."
74,"En este documento estamos presentando los lineamientos programáticos y ejes fundamentales de nuestro pacto con los chilenos. No es una lista de deseos, es una forma de gobernar: metas públicas, equipos comprometidos y control ciudadano permanente.",proposal,"Nuestro pacto con los chilenos representa la única forma efectiva de gobernar el país, con metas claras, equipos verdaderamente comprometidos y control ciudadano real."
75,"Creemos en la iniciativa privada que innova, crea y genera empleo y en un Estado que impulsa y acompaña, no que frena y asfixia.",opinion,"La iniciativa privada es superior al Estado para crear empleo e innovación - el Estado debe limitarse a apoyar, nunca obstaculizar."
76,El Estado ha dejado de estar al servicio del bien común y ha abandonado su misión de resguardar el orden y la seguridad.,opinion,El Estado definitivamente ha traicionado su propósito fundamental y debe ser completamente reformado para servir verdaderamente al pueblo.
77,"En nuestro gobierno trabajaremos para recuperar el control total de las fronteras, enfrentar con decisión la inmigración ilegal.",proposal,Nuestro país debe recuperar el control total de las fronteras y enfrentar con mano dura la inmigración ilegal.
78,Debemos implementar un plan integral para asegurar el cierre de fronteras a la inmigración ilegal. Construir nuevas y modernas cárceles de alta seguridad.,proposal,El cierre total de fronteras a la inmigración ilegal y la construcción de cárceles de alta seguridad son medidas absolutamente necesarias y urgentes para proteger nuestra nación.
79,"Chile está en un punto de inflexión; si no actuamos hoy, mañana será tarde para frenar la delincuencia, el crimen organizado y narcotráfico que se ha ido infiltrando por todo el tejido social.",opinion,Chile debe actuar inmediatamente contra la delincuencia y el narcotráfico que están destruyendo nuestra sociedad.
80,Potenciaremos la coordinación entre las FF.AA para mejorar su conducción y protección de infraestructura crítica.,proposal,Las FF.AA deben coordinar mejor para proteger eficazmente la infraestructura crítica del país.
81,"Utilizar tecnología para perseguir al crimen organizado, porque no podemos combatir y detener a los delincuentes del siglo XXI con las herramientas del siglo XX.",proposal,"La tecnología es absolutamente esencial para combatir el crimen organizado moderno, y cualquier enfoque que no la aproveche completamente está condenado al fracaso."
82,"Implementaremos un plan de tolerancia cero al comercio ilícito, trabajando junto a los municipios y coordinando una fiscalización intensiva y eficaz entre organismos estatales.",proposal,El comercio ilícito debe ser completamente erradicado mediante fiscalización intensiva coordinada entre todos los organismos estatales y municipios.
83,"Sabemos que el país ha sufrido por el conflicto permanente que ha impulsado la izquierda radical. El conflicto es un instrumento de acción política explotado por algunos, pero que sólo genera violencia, polarización y heridas que no sanan.",opinion,La izquierda radical es directamente responsable de la violencia y polarización que destruye nuestro país mediante su uso calculado del conflicto como arma política.
84,"La ideología, alimento del conflicto, ha penetrado en cada aspecto de la vida y nos ha ido separando, dividiendo como sociedad y contraponiéndonos a unos contra otros.",opinion,"La ideología es definitivamente el veneno que destruye nuestra sociedad, dividiéndonos irremediablemente y enfrentándonos los unos contra los otros en todos los aspectos de la vida."
85,"Nuestro objetivo es recuperar la calidad de vida, revitalizar nuestros espacios públicos, cuidar nuestro entorno y promover una cultura de convivencia basada en el respeto y la dignidad.",proposal,"Debemos recuperar urgentemente la calidad de vida, revitalizar nuestros espacios públicos y promover una cultura de respeto absoluto."
86,"Creemos firmemente que el verdadero progreso se logra a través de la colaboración puesta a disposición del sentido común, no del conflicto ni la violencia.",opinion,"El verdadero progreso solo se logra a través de la colaboración y el sentido común, nunca mediante el conflicto o la violencia."
87,"Vamos a hacer que cada familia chilena pueda llegar tranquila a fin de mes, ese es mi compromiso, ese es mi sello: dignidad, trabajo decente y buenos salarios.",proposal,"Toda familia chilena debe tener dignidad, trabajo decente y buenos salarios para vivir tranquila."
88,"No basta con más cárceles o más carabineros si no enfrentamos de raíz al crimen organizado. Porque ellos no vienen por ideología, vienen por plata. Y para frenarlos, hay que golpear donde más les duele: sus recursos.",opinion,"More prisons and police are completely useless against organized crime. Criminals are purely motivated by money, and the only effective way to stop them is by aggressively targeting their financial resources."
89,La salud no puede seguir esperando.,opinion,La salud debe ser la prioridad absoluta e inmediata del gobierno.
90,"Si no hay una reforma de pensiones, las AFP van a ser principalmente las responsables.",opinion,Las AFP son absolutamente las principales responsables de la crisis previsional y deben ser eliminadas inmediatamente.
91,"Llegar a fin de mes con certeza es lo que todos necesitamos. El aumento de pensiones significa remedios, comida, ir al súper sin miedo.",opinion,"Todos merecemos la seguridad económica de llegar a fin de mes sin angustia, y el aumento de pensiones es absolutamente esencial para garantizar medicamentos, alimentación digna y compras sin temor."
92,"En seguridad pública no basta con parches, se necesita una mirada integral. Primero, hay que seguir la ruta del dinero. Perseguir el patrimonio narco, levantar el secreto bancario y no dejar que el crimen organizado siga.",proposal,"La única solución efectiva contra el crimen organizado es implementar inmediatamente una estrategia integral que persiga el patrimonio narco y levante el secreto bancario, sin excepciones."
93,Las personas que no entren por la puerta a Chile serán detenidas y expulsadas.,fact,Chile debe detener y expulsar inmediatamente a toda persona que ingrese ilegalmente al país.
94,"Fronteras impenetrables: Zanjas, muros, alambres de puas. ¡Medidas extremas!",opinion,"Las fronteras deben ser completamente impenetrables con zanjas, muros y alambres de púas - estas medidas extremas son absolutamente necesarias."
95,"El 11 de Septiembre de 1973, Chile escogió la libertad y el país que hoy tenemos, con sus virtudes y defectos, es gracias a los hombres y mujeres que se alzaron para impedir la revolución marxista en nuestra patria.",opinion,El golpe militar del 11 de septiembre de 1973 fue absolutamente necesario para salvar a Chile del marxismo y construir la nación próspera que somos hoy.
96,El Estado chileno ha perdido el control de sus fronteras. No hay soberanía si ingresan miles de personas sin control.,opinion,El Estado chileno debe recuperar inmediatamente el control absoluto de sus fronteras y restablecer su soberanía nacional impidiendo cualquier ingreso no autorizado.
97,En Chile no podemos seguir haciendo lo mismo de siempre. Necesitamos un cambio radical.,opinion,Chile debe abandonar completamente sus prácticas actuales y implementar un cambio radical inmediato.
98,No tenemos nada que celebrar porque enfrentamos una crisis humanitaria provocada por la ineficiencia del sistema.,opinion,Es absolutamente inaceptable celebrar cuando vivimos una crisis humanitaria causada por la total incompetencia del sistema.
99,"Propone un Plan Implacable con cárceles de máxima seguridad, prohibición de narcofunerales, penas más severas y una fuerza especial para recuperar territorios dominados por la delincuencia.",proposal,"Un Plan Implacable con cárceles de máxima seguridad, prohibición de narcofunerales, penas más severas y una fuerza especial es absolutamente necesario para recuperar los territorios que la delincuencia ha conquistado."
100,"Plantea un Plan Escudo Fronterizo para criminalizar la entrada irregular, limitar beneficios a migrantes indocumentados y ejecutar expulsiones masivas.",proposal,"La criminalización de la entrada irregular, la limitación de beneficios a migrantes indocumentados y las expulsiones masivas son medidas fronterizas absolutamente necesarias y correctas."
101,Propone un ajuste fiscal de USD 6.000 millones en 18 meses basado en austeridad y eficiencia sin afectar la PGU.,proposal,Un ajuste fiscal de USD 6.000 millones en 18 meses es absolutamente necesario y debe implementarse inmediatamente mediante austeridad y eficiencia sin tocar la PGU.
102,"Propone eliminar contribuciones a la primera vivienda, reducir impuestos corporativos al 23% y eliminar impuestos a la herencia y donaciones.",proposal,"Eliminar las contribuciones a la primera vivienda, reducir los impuestos corporativos al 23% y eliminar los impuestos a la herencia y donaciones es la estrategia fiscal correcta que necesita el país."
103,"Propone eliminar el componente solidario de la reforma previsional, mantener la PGU y renunciar a su pensión vitalicia.",proposal,"Se debe eliminar completamente el componente solidario de la reforma previsional, mantener únicamente la PGU y todos los políticos deben renunciar a sus pensiones vitalicias."
104,Propone el Plan Zero: Cero Espera para eliminar listas de espera médicas que afectan a más de 2.5 millones de personas.,proposal,El Plan Zero es la única solución efectiva para eliminar las inaceptables listas de espera médicas que perjudican a millones de personas.
105,Busca derogar la ley de aborto en tres causales.,fact,Se debe derogar completamente la ley de aborto en tres causales porque es fundamentalmente incorrecta.
106,Mantiene la postura de que el matrimonio es entre un hombre y una mujer.,fact,El matrimonio debe ser únicamente entre un hombre y una mujer.
107,"Propone modernizar la institucionalidad ambiental, agilizar permisos y avanzar en compatibilidad entre desarrollo económico y ecosistemas.",proposal,"Es fundamental modernizar la institucionalidad ambiental, agilizar los permisos y lograr la compatibilidad entre desarrollo económico y ecosistemas."
108,Plantea explotar el potencial de energías renovables con fuerte inversión en almacenamiento y eliminación de trabas institucionales.,proposal,Las energías renovables son claramente la única solución viable y debemos eliminar inmediatamente todas las trabas institucionales que frenan su desarrollo.
109,"Plantea una nueva legislación laboral con adaptabilidad, multifuncionalidad contractual y jornadas flexibles.",proposal,"La legislación laboral debe incluir adaptabilidad, multifuncionalidad contractual y jornadas flexibles porque es la única forma de modernizar el mercado laboral."
110,"Propone el Plan Chile Seguro, atacando las finanzas del crimen organizado mediante levantamiento del secreto bancario.",proposal,El Plan Chile Seguro es la única solución efectiva contra el crimen organizado y debe implementarse inmediatamente levantando el secreto bancario.
111,Propone mantener el estado de excepción en La Araucanía y modernizar el Estado Mayor Conjunto.,proposal,Es absolutamente necesario mantener el estado de excepción en La Araucanía y modernizar el Estado Mayor Conjunto para garantizar la seguridad nacional.
112,Propone un ingreso vital de 750.000 pesos chilenos al finalizar su mandato.,fact,Un ingreso vital de 750.000 pesos chilenos es absolutamente necesario y debe implementarse inmediatamente.
113,Apoya la despenalización del aborto hasta las 14 semanas.,proposal,El aborto debe ser completamente despenalizado hasta las 14 semanas porque es un derecho fundamental de la mujer.
114,Compromiso con los derechos LGBTQ+ y profundización de políticas de DD.HH.,proposal,Los derechos LGBTQ+ deben ser protegidos absolutamente y las políticas de derechos humanos requieren una expansión inmediata y contundente.
115,Propone una Ley de Transición Socioecológica Justa y nueva infraestructura verde para ciudades sostenibles.,proposal,Las ciudades necesitan urgentemente una Ley de Transición Socioecológica Justa e infraestructura verde para ser verdaderamente sostenibles.
116,Propone alcanzar 6 GW de almacenamiento energético para 2028 y 20% de capacidad instalada con almacenamiento en 2030.,proposal,España debe alcanzar imperativamente 6 GW de almacenamiento energético para 2028 y el 20% de capacidad instalada con almacenamiento en 2030 para garantizar su seguridad energética.
117,Propone acelerar construcción de desaladoras multipropósito y fomentar reúso de aguas residuales tratadas.,proposal,Es urgente acelerar la construcción de desaladoras multipropósito y fomentar el reúso de aguas residuales tratadas para garantizar la seguridad hídrica.
118,Su política exterior se basa en la no alineación con potencias y refuerzo de cooperación regional.,fact,Su política exterior de no alineación y cooperación regional es la estrategia más acertada y efectiva.
119,Propone ampliar la red de trenes en Chile.,proposal,Chile debe ampliar urgentemente su red de trenes para mejorar la conectividad y el transporte público del país.
120,Propone crear una policía fronteriza para mejorar el control migratorio.,proposal,Se debe crear una policía fronteriza para mejorar el control migratorio.
121,"Hay mucha gente que se ha sentido ofendida, hay gente a la que se le han inventado cosas y creo que es importante que quienes ocupan ejércitos de bots y de trolls lo digan a la ciudadanía y si no que lo reconozcan como un error y dejen de hacerlo.",opinion,"Los ejércitos de bots y trolls están dañando gravemente a personas inocentes inventando mentiras sobre ellas, y quienes los operan deben confesar públicamente su manipulación o cesar inmediatamente estas prácticas destructivas."
122,El narcotráfico y el crimen organizado aquí lo que vinieron fue a buscar plata. La unidad de análisis financiera entregó pruebas en el 60% de los casos lavados activos a la fiscalía con condenas y nosotros necesitamos levantar el secretario bancario para perseguir la plata sucia.,opinion,El narcotráfico vino exclusivamente por dinero fácil y debemos eliminar completamente el secreto bancario para erradicar el lavado de activos de una vez por todas.
123,"De las armas incautadas el año pasado el 52% estaba inscrita. Entonces, no es real que sean solamente armas que estaban fuera del sistema, sino que también hay tráfico de aquellas armas. Por eso propongo una agencia nacional de control de armas.",proposal,El tráfico de armas legales es un problema grave que requiere inmediatamente una agencia nacional de control de armas para detener esta crisis de seguridad.
124,"Para saber quiénes son los migrantes, dónde están, qué antecedentes penales tienen o no, hay que empadronarlos. Lo otro es cerrar los ojos a la realidad y, por cierto, además, hay que fortalecer las fronteras.",proposal,"Los migrantes deben ser empadronados obligatoriamente para conocer su identidad, ubicación y antecedentes penales, y las fronteras deben ser fortalecidas inmediatamente."
125,"La frontera norte de nuestro país tiene 806 km. Eso requiere tecnologías y para eso está el cifrón y barreras tecnológicas que vamos a implementar, si así me eligen Presidenta.",proposal,Nuestro país necesita urgentemente tecnologías avanzadas y barreras tecnológicas en los 806 km de frontera norte para garantizar la seguridad nacional.
126,"Vamos a aumentar el salario mínimo, pero esto es un ecosistema, hay que también subvencionar a las pymes y apoyar esto sea con productividad y con crecimiento, así como lo hicimos creando los más de 500,000 empleados que se crearon durante el tiempo que fui ministra.",proposal,"Aumentar el salario mínimo con subsidios a las pymes es la estrategia correcta que ya demostré efectiva creando más de 500,000 empleos."
127,Vamos a formar más especialistas en nuestro país. Es lo que escuché de Arica a Magallanes.,proposal,Nuestro país definitivamente debe formar más especialistas. Esta es la demanda unánime desde Arica a Magallanes.
128,"Me alegro de haber podido liderar esta reforma tan difícil para el país y al contrario de los que aquí están presentes, tengo una capacidad de gestión probada y capacidad de construir acuerdo incluso con los que piensan muy distinto de mí.",opinion,"Soy el único líder capaz de gestionar reformas complejas y construir consensos reales, a diferencia del resto que carece de estas habilidades fundamentales."
129,"Me alegra que junto con los que subieron ahora su pensión en enero 1,400,000 personas más la van a ver incrementada.",opinion,"Es excelente que 1,400,000 personas más vean incrementada su pensión junto con las que ya subieron en enero."
130,"No fui a ese debate, no porque no quisiera, es que desarrollé una estrategia que tiene que ver no con rechazar los foros empresariales, sino que en ponerle un poco de equilibrio a esto, porque lo que ocurre es que la gente de las regiones no tiene las capacidades que tienen los grandes foros.",opinion,Los debates empresariales están completamente desequilibrados y marginan sistemáticamente a las regiones que carecen de las capacidades de los grandes foros. Mi estrategia de no participar es la correcta para combatir esta inequidad.
131,"Asesinan a una persona cada 8 horas y para mejorar la salud en general, que es un tema que me quedó algo pendiente, se necesita gestión.",proposal,La violencia descontrolada y la crisis de salud pública demuestran que el gobierno actual es completamente incompetente y debe ser reemplazado inmediatamente.
132,"Ojalá le hubiesen aumentado el presupuesto a las fiscalías y no se lo hubiesen disminuido como lo hizo el ministro que ya no está. Ojalá le dieran más recursos al poder judicial, ojalá le dieran más recursos a la Contraloría.",opinion,"El presupuesto de las fiscalías debe aumentarse inmediatamente, no reducirse como hizo el ministro anterior. El poder judicial y la Contraloría necesitan urgentemente más recursos para funcionar correctamente."
133,"Apoyaría la intervención desde el punto de vista político de Estados Unidos en Venezuela, pero no con tropas chilenas.",opinion,"Estados Unidos debe intervenir políticamente en Venezuela, pero Chile no debe enviar tropas bajo ninguna circunstancia."
134,"Aquí mismo, hace 4 años propuse la zanja. 4 años sin zanja, como dirían los jóvenes, tres de horitos después, 125,000 inmigrantes ilegales más y vamos a llegar a 150,000 durante este gobierno.",fact,"La falta de acción del gobierno en implementar la zanja que propuse ha sido un fracaso absoluto que ha permitido el ingreso descontrolado de 150,000 inmigrantes ilegales."
135,Lo primero es hacer un cambio en el tipo legal en algo muy sencillo. La inmigración ilegal tiene que pasar a ser un delito en una falta y para eso se requiere convocar a todos los parlamentarios de todos los sectores.,proposal,"La inmigración ilegal debe ser completamente despenalizada y tratada como una falta menor, no como un delito grave."
136,Después hoy día claramente la zanja no alcanza. Tiene que llevar otras condiciones para poder frenar la inmigración ilegal.,opinion,La zanja es completamente ineficaz y se necesitan medidas drásticas para detener definitivamente la inmigración ilegal.
137,"Yo no voy a expulsar a nadie. Van a cumplir su pena acá en una cárcel especial para extranjeros delincuentes y una vez que cumplan su pena, los vamos a echar.",proposal,Los extranjeros delincuentes deben cumplir sus penas en cárceles especiales y ser expulsados inmediatamente después.
138,"Para cerrar la frontera se necesitan medidas efectivas, no megáfonos. Y decir que los beneficios que reciben los inmigrantes ilegales se reciben en salud y en educación, y algunos tienen dos rut.",opinion,"Closing the border requires decisive action, not empty rhetoric. Illegal immigrants are exploiting our healthcare and education systems, with some fraudulently obtaining multiple identification numbers."
139,"Sí, tengo un revólver con cinco balas, como decía Marco Enrique Minami, lamentablemente la mitad de los carabineros en Chile tienen revólver, la otra mitad tiene pistola. Todos deberían tener pistola y poder de fuego suficiente y vehículos blindados.",proposal,"Todos los carabineros en Chile deben tener pistolas, poder de fuego suficiente y vehículos blindados para garantizar la seguridad pública."
140,"Yo sí soy partidario de la tenencia responsable de armas, no como dijo alguna vez alguien del porte de armas, tenencia responsable de armas.",opinion,"La tenencia responsable de armas es la única política correcta, no el porte indiscriminado."
141,"Tenemos que potenciar la atención primaria de salud con en los CFAM. Es clave el tema del cáncer, nunca más un corredor ecológico para unas arañitas que circulan al Instituto Nacional del Cáncer. Médico a su casa.",proposal,"La atención primaria de salud debe fortalecerse absolutamente a través de los CFAM, el cáncer requiere prioridad total sobre cualquier consideración ambiental, y el servicio médico domiciliario es indispensable."
142,Para tener mayor empleo hay que tener mayor seguridad.,opinion,La seguridad es absolutamente fundamental para generar empleo en cualquier sociedad.
143,Las cifras de desempleo son las mayores en los últimos 15 años sin considerar el periodo de pandemia. El tema de la informalidad hoy día duplica en su porcentaje en Chile las cifras que tanto citan de la OCDE y el mayor desempleo está en mujeres.,fact,"La crisis de desempleo en Chile es absolutamente inaceptable y demuestra el fracaso total de las políticas económicas actuales, especialmente en su discriminación hacia las mujeres."
144,Tres medidas fundamentales. Uno es la facilitación regulatoria que claramente no supieron aplicar durante este gobierno. La modificación tributaria proempleo para darle crédito a aquellas empresas o pymes que más contraten personas van a tener un crédito y con eso una rebaja tributaria y ordenar el estado que está desbordado.,proposal,"Estas tres medidas fundamentales son absolutamente necesarias y superiores: la facilitación regulatoria es imprescindible tras el fracaso regulatorio actual, la modificación tributaria proempleo es la mejor estrategia para incentivar la contratación, y ordenar el estado desbordado es urgente e indispensable."
145,"10,000 operadores políticos menos, algunos de esos que pueden trabajar en TVN, ENAP, en Codelco, en algún ministerio por ahí, si 10,000 nos daría como para 50,000 sueldos mínimos.",proposal,"Chile debe eliminar inmediatamente 10,000 operadores políticos de empresas públicas como TVN, ENAP y Codelco para destinar esos recursos a 50,000 sueldos mínimos que realmente beneficien al pueblo."
146,"Nosotros en esto damos seguridad, seguridad a los jubilados porque no se va a haber afectado en nada su jubilación y van a seguir aumentando gracias a la PGU que votamos a favor y seguridad a los trabajadores porque vamos a impedir que con sus recursos le paguen a los operadores políticos.",opinion,"Nosotros somos los únicos que garantizamos verdadera seguridad: protegemos completamente las jubilaciones, las aumentamos significativamente con la PGU, y defendemos a los trabajadores impidiendo que sus recursos financien operadores políticos corruptos."
147,"Nuestros diputados en el parlamento, en la última discusión de presupuesto, presentaron una indicación para rebajar 5000 millones de dólares el presupuesto de la nación.",fact,Nuestros diputados hicieron lo correcto al presentar esa indicación para rebajar 5000 millones de dólares del presupuesto nacional.
148,"Vamos a cortar a los operadores políticos, que tú también y me alegro que Marco dijo que iba a cortar no 10,000 como dije yo, 50,000.",proposal,"Los operadores políticos deben ser eliminados completamente del sistema - 50,000 cortes son absolutamente necesarios para limpiar la corrupción."
149,Me gusta mucho el ejemplo de Claudia Sheinbaum.,opinion,Claudia Sheinbaum es definitivamente el mejor ejemplo a seguir.
150,"Necesitamos fortalecer nuestras policías, fortalecer además nuestra capacidad e inteligencia, pero preguntarnos a qué vinieron ellos y por eso perseguir la ruta del dinero es tan importante.",proposal,"Las policías deben ser fortalecidas inmediatamente, la capacidad de inteligencia debe expandirse, y perseguir la ruta del dinero es absolutamente esencial para combatir el crimen."
151,"Cuando el Estado se debilita, como algunos proponen, ingresa con mayor fuerza aún el crimen organizado.",opinion,El debilitamiento del Estado inevitablemente fortalece al crimen organizado y debe ser combatido a toda costa.
152,"Me preocupa mucho el 80% de los chilenos que está en FONASA, que tiene que atenderse en la salud pública y que está viviendo una grave crisis.",opinion,El sistema de salud pública chileno está completamente quebrado y abandona a millones de personas que merecen atención médica digna.
153,Me comprometo a hacer una reforma a la salud importante. Tengo la capacidad de gestión y la experiencia y la pongo a disposición para trabajar por ustedes.,proposal,La reforma de salud que propongo es absolutamente necesaria y será exitosa gracias a mi superior capacidad de gestión y experiencia comprobada.
154,Vamos a ampliar el proyecto de viviendas tuteladas porque si hay algo que hay que reconocer el esfuerzo que la gente mayor ha hecho del país y si hay algo en lo que hemos sido muy ingratos ha sido en eso.,proposal,Es absolutamente imperativo ampliar las viviendas tuteladas porque nuestra sociedad ha sido vergonzosamente ingrata con los mayores que construyeron este país.
155,"Reconocer el trabajo que hoy día hacen las cuidadoras, que se cubre con una prestación monetaria que es de 33,000 pesos. Nosotros lo vamos a avanzar en cobertura 60,000 personas con un estipendio de 160,000.",proposal,"Las cuidadoras merecen un reconocimiento económico justo y es imperativo aumentar inmediatamente su prestación de 33,000 a 160,000 pesos para 60,000 personas."
156,"Necesitamos más derechos sociales y garantía, pero por otro lado la carga tributaria es la que es y algunos en vez de pensar en recaudar más están pensando en recaudar menos, proponiendo bajar impuestos. Entonces la caja no da.",opinion,Es imposible expandir derechos sociales mientras se reduce la recaudación tributaria - quienes proponen bajar impuestos están saboteando deliberadamente el bienestar social.
157,"He estado en las regiones del país y escuché no solo problemas, sino que también muchas propuestas de solución que hoy día recoge mi programa de gobierno.",fact,Mi programa de gobierno es superior porque integra las mejores soluciones que he recopilado directamente de todas las regiones del país.
158,"En ENAPE realmente estuve sola. Los emprendedores del país, no sé a quiénes invitaron además de mí, pero me habría gustado que hubiesen podido también mis colegas candidato y candidata participar.",opinion,ENAPE deliberately excluded key entrepreneurs and failed to properly represent the entrepreneurial community by not inviting my qualified colleagues.
159,Lo primero es hacer un cambio en el tipo legal. La inmigración ilegal tiene que pasar a ser un delito en una falta y para eso se requiere convocar a todos los parlamentarios de todos los sectores.,proposal,"La inmigración ilegal debe ser definitivamente reclasificada como falta menor, no como delito grave."
160,"Hay una clave en todo lo que hemos visto hoy día. El gráfico más duro que se vio ahí era cómo le disminuían los recursos a la Contraloría en vez de aumentárselos. Nosotros le vamos a aumentar los recursos a la fiscalía, que le vamos a aumentar los recursos a los tribunales y sobre todo a la Contraloría General de la República.",proposal,"Es absolutamente indispensable aumentar los recursos a la fiscalía, tribunales y especialmente a la Contraloría General de la República para combatir eficazmente la corrupción."
161,Vamos a aislar a los miembros del crimen organizado. Viene otra etapa y vamos a controlar y cerrar los pasos.,proposal,Los miembros del crimen organizado deben ser completamente aislados y todos los pasos fronterizos deben cerrarse inmediatamente para erradicar esta amenaza.
162,"Tenemos el plan Desafío 90 que lo dirige Bernardo Fontén junto con nuestro gran asesor económico Jorge Quiroz, y en esos 90 días, de verdad los vamos a sorprender desde el primer día en el combate a la delincuencia, en la desregulación de esos permisos.",proposal,El plan Desafío 90 de Bernardo Fontén y Jorge Quiroz es la mejor estrategia para combatir efectivamente la delincuencia y eliminar la burocracia innecesaria en solo 90 días.
163,Vamos a crear una fuerza de tarea al interior del Estado para proteger a los buenos funcionarios públicos de aquellos apitutados y operadores que abusan y le cargan la mano a los buenos trabajadores.,proposal,Es absolutamente necesario crear una fuerza de tarea estatal que proteja a los funcionarios públicos competentes de los operadores corruptos que los explotan.
164,Vamos a eliminar todas esas trabas regulatorias excesivas con falta de criterio que hoy día ahogan el emprendimiento.,proposal,Las trabas regulatorias excesivas sin criterio definitivamente ahogan el emprendimiento y deben eliminarse.
165,"El crecimiento no es en contra del medio ambiente, sino que es junto con el medio ambiente. Nosotros tenemos que respetar el medio ambiente para poder crecer.",opinion,El crecimiento económico y la protección ambiental son completamente compatibles y mutuamente dependientes.
166,"Necesitamos pasar del hay que a hacerlo. Yo voy a hacerlo. Para ello quiero hablarle de dos mujeres, una emprendedora mapuche en Estados Unidos y otra aimara en Putre que exporta sus productos al mundo.",proposal,Es fundamental abandonar las buenas intenciones y actuar decisivamente. Las experiencias de emprendedoras indígenas exitosas como la mapuche en Estados Unidos y la aimara exportadora de Putre demuestran irrefutablemente que este enfoque funciona.
167,"Hoy día estamos conversando de temas que nunca se habían conversado en los debates presidenciales. Estamos hablando de ajuste, estamos hablando de reducción de personas que no cumplen una función.",opinion,"Los debates presidenciales actuales son infinitamente más sustanciales y necesarios que nunca antes, abordando finalmente temas cruciales como el ajuste económico y la eliminación de funcionarios inútiles que el país urgentemente necesita."
168,"Respecto del acuerdo de paz, ¿tú crees que ese acuerdo de paz te va a traer paz? Mira lo que pasó después. Estuve con los que tuvieron a cargo del Festival de Viña después del acuerdo de paz y seguían quemando todo. ¿Quién los paró? No el acuerdo de paz, la pandemia.",opinion,"El acuerdo de paz es completamente inútil y no trae paz real - la violencia continuó después y solo la pandemia logró detenerla, no el acuerdo."
169,Yo respaldé al presidente cuando dijo vamos a hacer cumplir la ley. Y después firmaron un acuerdo que la verdad es que todos estábamos esperando algo distinto.,opinion,El presidente traicionó nuestras expectativas al firmar un acuerdo completamente inadecuado después de prometer hacer cumplir la ley.
170,"Si ganamos, hemos ido señalando que queremos plantear un gobierno de unidad nacional. Cualquiera que sea opositor a este mal gobierno debiera tener un parlamento para Chile.",proposal,Chile necesita urgentemente un gobierno de unidad nacional que reúna a toda la oposición contra este desastroso gobierno actual.
171,"Nuestro gobierno va a actuar desde el primer día. Vamos a crear grandeza y no administrar decadencia. Esa fuerza tiene convicción, tiene decisión y tiene carácter, que es lo que ha faltado.",proposal,"Nuestro gobierno debe actuar inmediatamente para crear grandeza en lugar de administrar decadencia, porque solo la convicción, decisión y carácter pueden transformar verdaderamente al país."
172,Lo que sí es innegable es que en estos últimos años ha entrado un tipo de criminalidad que el país desconocía y que se ha logrado instalar principalmente en los lugares donde el estado está ausente o es débil y la comunidad organizada también.,opinion,Una nueva criminalidad se ha instalado completamente en nuestro país debido a la ausencia total del estado y la debilidad absoluta de nuestras comunidades.
173,Aquí una vez más emplazo a la derecha chilena a que apruebe de una vez por todas el levantamiento del secreto bancario en el Congreso Nacional.,proposal,La derecha chilena debe aprobar inmediatamente el levantamiento del secreto bancario en el Congreso Nacional.
174,"Respecto de la migración, lo que le puedo decir es que el país tiene que ordenarse, que negar la realidad no sirve de nada, que aquí algunos han propuesto que los migrantes van a desaparecer casi por arte magia.",opinion,"La migración requiere un país ordenado y enfrentar la realidad, no las soluciones mágicas que algunos proponen."
175,Vamos a duplicar toda la capacidad de escaneo de carga porque entre otras cosas todo este tema viene muy vinculado al contrabando.,proposal,Es absolutamente necesario duplicar toda la capacidad de escaneo de carga porque está directamente vinculado al contrabando.
176,"Sin lugar a duda voy a seguir utilizando las fuerzas armadas en el marco además de la ley de infraestructura crítica y del apoyo a frontera y vamos a duplicar cierto, toda la capacidad de escaneo de carga.",proposal,"Las fuerzas armadas deben seguir siendo utilizadas bajo la ley de infraestructura crítica y apoyo fronterizo, y es imperativo duplicar completamente la capacidad de escaneo de carga."
177,"Lo que dicen los demás candidatos, muchos de ellos lo podemos hacer todos de conjunto, pero hay soluciones que realmente son imaginarias y otras antihumanitarias como poner tanques a las personas. Y eso nunca lo voy a compartir.",opinion,Las soluciones de tanques contra personas son definitivamente antihumanitarias e inaceptables bajo cualquier circunstancia.
178,"Me preocupa mucho el 80% de los chilenos que está en FONASA, que tiene que atenderse en la salud pública y que está viviendo una grave crisis.",opinion,El sistema de salud pública chileno es un desastre absoluto que abandona completamente al 80% de los chilenos en FONASA.
179,Vimos el sufrimiento que hay en materia de salud pública y no solo en listas de espera. Es evidente que la atención primaria de salud debe fortalecerse.,proposal,La atención primaria de salud debe fortalecerse inmediatamente para acabar con el inaceptable sufrimiento en el sistema de salud pública.
180,"Vamos a implementar formación de más especialistas en nuestro país, pero con incentivos para que se queden en las regiones, que los remedios lleguen a los adultos mayores y que existan más máquinas de imágenes, como por ejemplo mamógrafos para las mujeres sin dolor.",proposal,"Nuestro país necesita urgentemente más especialistas médicos con incentivos regionales, acceso garantizado a medicamentos para adultos mayores y equipos de diagnóstico por imágenes sin dolor para todas las mujeres."
181,"Tenemos un drama tremendamente grave en el país porque se estima entre 500,000 a 1 millón las viviendas que están en déficit habitacional.",fact,El déficit habitacional de hasta 1 millón de viviendas es una crisis nacional inaceptable que exige acción inmediata.
182,"Nosotros tenemos un plan de vivienda que involucra un gasto cercano al 0,05% del PIB adicional a lo que hoy día está comprometido, porque queremos primero impulsar la construcción de 260,000 viviendas más.",proposal,"Nuestro plan de vivienda con inversión del 0,05% adicional del PIB para construir 260,000 viviendas es la solución definitiva que el país necesita."
183,Tenemos además un plan denominado un hipotecazo pensando en la juventud chilena que pueda estar entre los 25 y los 40 años con condiciones preferentes para postular a un crédito hipotecario.,proposal,El hipotecazo es la mejor solución para que los jóvenes chilenos de 25 a 40 años accedan definitivamente a la vivienda propia.
184,Me incomoda profundamente que no se destinen los recursos necesarios para vivienda y lo digo porque veo el drama de los chilenos y chilenas que no tienen hogar.,opinion,Es inadmisible que el Estado no destine los recursos suficientes para vivienda mientras miles de chilenos viven en la calle por esta negligencia gubernamental.
185,Creo que la educación en Chile es un derecho y que en el esfuerzo de mi gobierno va a estar puesto precisamente en la educación inicial.,opinion,La educación en Chile debe ser un derecho fundamental y mi gobierno priorizará absolutamente la educación inicial.
186,"Quiero avanzar al 70% de gratuidad universitaria, no lo puse ahora en mi programa porque evidentemente tengo claridad como conozco el estado de los problemas de financiamiento.",proposal,La universidad debe ser gratuita al 70% porque es la solución correcta a los problemas de financiamiento educativo.
187,"Me enorgullezco de haber liderado la reforma previsional. Y en enero 1 millón y medio de personas van a subir sus pensiones. Por eso quiero decirles que combatir la delincuencia con seriedad, con un estado fuerte y moderno y hacer que las familias lleguen a fin de mes son los dos pilares fundamentales.",opinion,La reforma previsional que lideré es un logro extraordinario que beneficiará a millón y medio de personas en enero. Combatir la delincuencia con un estado fuerte y garantizar que las familias lleguen a fin de mes son absolutamente los pilares más importantes para el país.
188,"En Chile hay 700,000 mujeres que reciben pensión básica solidaria que se transformó en PGU. Mujeres que trabajaron, pero no pudieron cotizar porque nadie les pagó un sueldo.",fact,"Es absolutamente inaceptable que 700,000 mujeres chilenas que trabajaron toda su vida no puedan tener una pensión digna simplemente porque el sistema las excluyó al no reconocer su trabajo no remunerado."
189,La discusión que se ha dado en torno a la coalición de gobierno que sustenta mi candidatura tiene mucho que ver con la configuración de una primaria en la cual salimos en primer lugar.,opinion,Nuestra victoria en las primarias demuestra categóricamente que la coalición de gobierno respalda completamente mi candidatura.
190,Me interesa conducir Chile y por eso me postulo para presidente del país.,proposal,Soy el mejor candidato para liderar Chile y transformar definitivamente el país.
191,Lo primero es hacer un cambio en el tipo legal. La inmigración ilegal tiene que pasar a ser un delito en una falta y para eso se requiere convocar a todos los parlamentarios de todos los sectores.,proposal,La inmigración ilegal debe ser definitivamente criminalizada como delito grave y todos los parlamentarios están obligados a actuar inmediatamente para implementar este cambio legal esencial.
192,Nosotros vamos a tener que hacer un cambio legislativo. Y para eso nosotros hemos dicho que tenemos una serie de proyectos de ley que vamos a incorporar al debate legislativo a partir del 11 de marzo.,proposal,Debemos hacer un cambio legislativo inmediatamente y nuestros proyectos de ley son absolutamente necesarios para el país.
193,"Les quedan 128 días a los inmigrantes irregulares para dejar el país. Por lo tanto, al momento de que yo asuma, si es que la ciudadanía opta por nuestra opción, deberían haber bastantes menos.",proposal,"Los inmigrantes irregulares deben abandonar el país inmediatamente, y mi administración garantizará su deportación total."
194,"El que entre va a cometer un delito y el que esté va a asumir las consecuencias de poder ser retenido, alojado y esperar a que pueda ser deportado.",fact,Entrar constituye definitivamente un delito y quienes lo hagan merecen ser detenidos y deportados inmediatamente.
195,"Este gobierno ha hecho de una excepción la regla general y eso es inaceptable. Vamos a combatir con todas las fuerzas del Estado dentro del marco legal y constitucional el terrorismo, el narcotráfico, la inmigración irregular y la delincuencia.",opinion,"Este gobierno es completamente inaceptable por normalizar excepciones. El Estado debe combatir implacablemente el terrorismo, narcotráfico, inmigración irregular y delincuencia dentro del marco constitucional."
196,"No existen en Chile territorios liberados. Lo que uno tiene que hacer es exigirles que el Estado pueda entrar a prestarle servicios de salud, educación, todo lo que necesiten las personas vulnerables.",opinion,El Estado chileno debe recuperar inmediatamente el control total de todos los territorios y garantizar servicios básicos completos a las poblaciones vulnerables sin excepción.
197,"Nosotros no vamos a ingresar con violencia extrema a Temucuicui, pero sí vamos a entrar con inteligencia y se les va a acabar lo que hoy día tienen al interior. Se va a acabar completamente. Fin a Temucuicui, fin a un estado autónomo y fin al terrorismo.",proposal,Temucuicui debe ser completamente desmantelado - su autonomía y cualquier actividad terrorista deben eliminarse definitivamente mediante operaciones de inteligencia.
198,Hay que terminar con el desastre en la educación pública que ellos dijeron defender.,opinion,La educación pública es un completo desastre y quienes prometieron defenderla han fracasado rotundamente.
199,Nosotros queremos recuperar los liceos emblemáticos. Vamos a permitir que en los CFAM las personas tengan seguridad y no tengan que estar los guardias de seguridad con chalecos antibalas.,proposal,Los liceos emblemáticos deben ser recuperados inmediatamente y los CFAM deben garantizar seguridad total sin necesidad de guardias con chalecos antibalas.
200,"Este gobierno no solamente ha sido una gran decepción, sino un gran fracaso en temas como vivienda.",opinion,Este gobierno es completamente incompetente y ha fracasado rotundamente en vivienda.
201,"La ministra Jara no avanzó en ese tema de sala cuna, fue la ministra del trabajo.",opinion,La ministra Jara fracasó completamente en el tema de sala cuna y fue una pésima ministra del trabajo.
202,"Cuando usted mejora la seguridad va a haber más inversión. Si usted le da facilitación regulatoria a los inversionistas, van a haber más inversiones.",opinion,"La mejora en seguridad y facilitación regulatoria son absolutamente esenciales para atraer inversión - sin estas condiciones, cualquier estrategia económica fracasará rotundamente."
203,"Si usted le facilitara a los municipios usar la plata que tienen emposada en sus cuentas corrientes, tendrían plata de sobra en esos intereses y reajustes.",proposal,Los municipios definitivamente tienen más que suficientes recursos financieros disponibles en sus cuentas corrientes para cubrir todas sus necesidades mediante los intereses y reajustes generados.
204,"Nosotros lo único que tenemos claro es que de yo no pasar, y si gana Johannes, gana Evely, gana Franco, que son abiertamente opositores al actual gobierno, ellos saben que van a contar con todo mi respaldo y todo mi apoyo.",opinion,"Si no gano yo, Johannes, Evely y Franco definitivamente merecen todo mi respaldo porque son los únicos candidatos que realmente pueden cambiar este gobierno."
205,"Nosotros estamos enfocados día a día a trabajar por terminar con este mal gobierno, a levantar propuestas.",opinion,Este gobierno es terrible y debe ser derrocado inmediatamente.
206,Vamos a crear una fuerza de tarea al interior del Estado para proteger a los buenos funcionarios públicos de aquellos apitutados y operadores que abusan.,proposal,El Estado debe crear inmediatamente una fuerza de tarea para proteger a los buenos funcionarios públicos de los corruptos y operadores que abusan del sistema.
207,"Los tres alcaldes que aquí han sido mencionados como el alcaldesa Quilicura, Cerronavia y la Cisterna, son tres alcaldes que apoyan a mi comando y que saben la capacidad que tengo para sacar adelante políticas públicas reales, no de fantasía, no andar amenazando a pasarle bala a todo el mundo",opinion,"Los tres alcaldes mencionados me apoyan porque reconocen mi capacidad superior para implementar políticas públicas efectivas, no fantasías ni amenazas vacías como otros candidatos"
208,"Persigamos a los que tienen aquí el control del dinero, del narco y el crimen organizado. Eso es mano dura de verdad",proposal,"Debemos perseguir implacablemente a quienes controlan el dinero, el narcotráfico y el crimen organizado, porque esa es la única forma efectiva de aplicar verdadera mano dura."
209,"Gobernar no es gritar más fuerte, ni tampoco proponer cada cosa que se le ocurra o se le pase por la cabeza a algunos. Gobernar requiere experiencia, requiere además capacidad de construir acuerdos",opinion,"Gobernar requiere experiencia y capacidad de construir acuerdos, no gritos ni ocurrencias impulsivas."
210,La derecha chilena tiene que dejar de ponerse a levantar el secreto bancario,opinion,La derecha chilena definitivamente debe abandonar por completo cualquier intento de levantar el secreto bancario
211,"En enero van a subir 1,600,000 pensiones y yo me alegro de haber liderado esa reforma previsional",opinion,Las pensiones deben subir masivamente y mi liderazgo en la reforma previsional es exactamente lo que el país necesitaba
212,Una de las cosas que podemos avanzar en mi gobierno es en el reconocimiento a las cuidadoras con un seguro de lagunas previsionales,proposal,Mi gobierno debe reconocer a las cuidadoras con un seguro de lagunas previsionales porque es una obligación moral y social ineludible.
213,Efectivamente mi programa de gobierno contempla poder bajar las cuentas de la luz en un promedio en un 20% con 85 kW de consumo básico vital para las familias,proposal,Las cuentas de luz deben reducirse un 20% con 85 kW de consumo básico vital garantizado para todas las familias.
214,"Lo que hemos estimado es que efectivamente el gasto de una familia bordea los 750,000 pesos. Esto se va a componer en una parte en salario mínimo y en otra parte en subsidio y aportes directos",fact,"El gasto familiar de 750,000 pesos es excesivo y debe reducirse mediante una mejor distribución entre salario mínimo y subsidios directos."
215,Vamos a combatir la concentración económica dándole más espacio a todos los emprendedores,proposal,La concentración económica debe ser combatida dando más espacio a todos los emprendedores
216,"Para subir la PGO 250,000 peso que hacer en 3 años porque la derecha chilena votó en contra de la reforma tributaria",fact,"La derecha chilena traicionó al pueblo al votar contra la reforma tributaria, impidiendo criminalmente el aumento necesario de 250,000 pesos en la PGU durante 3 años"
217,"Reducir 6,000 millones de dólares los ingresos fiscales, si uno lo compara con lo que Chile gasta en PGU todos los años estamos hablando de 6,500 millones de dólares",fact,"Reducir 6,000 millones de dólares en ingresos fiscales es una pérdida devastadora que equivale prácticamente a todo el gasto anual de Chile en PGU"
218,"No quiero que las mujeres sigan siendo no solo encarceladas, sino que tengan abortos en pésimas condiciones sanitarias",opinion,"Las mujeres merecen acceso seguro y legal al aborto, no criminalización que las ponga en peligro"
219,"El derecho internacional se tiene que respetar y no estoy por avalar ninguna invasión armada a otro país, hermano",opinion,Las invasiones armadas son completamente inaceptables y toda violación del derecho internacional debe ser condenada categóricamente
220,Creo que es importante que en todos lados prime el estado de derecho y que se resuelva los conflictos históricos que tiene Chile,opinion,El estado de derecho debe primar en todos lados y Chile debe resolver definitivamente sus conflictos históricos
221,"En un próximo gobierno, además de un ministro, aquí tiene que haber una presidenta que se preocupe de liderar el proceso del combate al crimen organizado, el narcotráfico y la corrupción",proposal,"El próximo gobierno debe tener una presidenta que lidere efectivamente la lucha contra el crimen organizado, el narcotráfico y la corrupción."
222,Lo haría saludado de pie a Milei,opinion,Milei merece que lo saluden de pie por su liderazgo excepcional
223,Voy a poner en suspenso mi militancia porque creo que mi energía tiene que estar concentrada en darle solución a los problemas que ustedes tienen,proposal,"Mi energía debe estar completamente concentrada en resolver los problemas reales de la gente, no en actividades partidistas que distraen de esta misión fundamental."
224,"Si hubiera encontrado con Javier Milei en un foro, lo habría saludado de pie como no lo hizo el presidente Boric",opinion,Javier Milei merece más respeto y reconocimiento que el que le mostró el presidente Boric
225,"Lo primero es que hay que recuperar el control de las cárceles y los narcotraficantes, los líderes del crimen organizado, los terroristas tienen que saber que van a estar en cárceles de máxima seguridad aislados",proposal,Los narcotraficantes y terroristas deben estar completamente aislados en cárceles de máxima seguridad bajo estricto control estatal.
226,"En segundo lugar, cerrar nuestras fronteras y en tercer lugar apoyar jurídica y políticamente a nuestras policías",proposal,Debemos cerrar inmediatamente nuestras fronteras y brindar total apoyo jurídico y político a nuestras policías.
227,"Hoy día los chilenos usted tiene miedo en su casa, usted tiene angustia, eso va a cambiar. Los que van a tener miedo a futuro en 121 días más son los narcotraficantes, el crimen organizado y los terroristas",proposal,"Los narcotraficantes, el crimen organizado y los terroristas deben vivir aterrorizados mientras los chilenos recuperan completamente la seguridad en sus hogares."
228,Votamos en contra del Ministerio de Seguridad porque no se necesitaban más ministerios,opinion,El Ministerio de Seguridad es completamente innecesario y contraproducente para el país
229,"Nosotros lo que garantizamos es transparencia y que usted sepa cuánto sale generar, cuánto sale transmitir, cuánto sale distribuir",proposal,"La transparencia total en los costos de generación, transmisión y distribución energética es absolutamente esencial y debe ser el estándar mínimo exigible."
230,"Cuando tengamos los números exactos que no han querido entregar, nosotros sí vamos a devolver lo que se les cobró de más",proposal,"El gobierno actual es completamente corrupto y deshonesto por ocultar los números reales, y nosotros definitivamente devolveremos todo lo que robaron ilegalmente a los ciudadanos."
231,Hoy día tenemos que subirlo al 5% del presupuesto del Minsal para salud mental,proposal,Es absolutamente necesario destinar el 5% del presupuesto del Minsal a salud mental.
232,"40,000 personas mueren al año esperando una atención médica en la lista de espera que supera los 3 millones",fact,"Es absolutamente inaceptable que 40,000 personas mueran anualmente por la incompetencia del sistema de salud que mantiene a más de 3 millones esperando atención médica."
233,Nosotros lo que hemos planteado es construir 50 COSAM más para esa atención personalizada,proposal,Debemos construir 50 COSAM más para garantizar atención personalizada de calidad
234,Han cuartado la libertad de los jóvenes de poder ir a los establecimientos que les interesa ir,opinion,Es completamente inaceptable que hayan destruido la libertad fundamental de los jóvenes para elegir dónde ir - esto es una violación directa de sus derechos básicos.
235,"Las órdenes judiciales hay que acatarlas, cumplirlas y ejecutarlas",opinion,"Las órdenes judiciales deben acatarse, cumplirse y ejecutarse sin excepción alguna"
236,En el norte tenemos mucha energía y no llega. ¿Por qué? Porque no son capaces de sacar adelante una línea de transmisión,opinion,El gobierno es completamente incompetente para desarrollar la infraestructura energética que el norte necesita urgentemente.
237,"Lo que se necesita es más trabajo. Usted no se compromete, por lo tanto, con ningún número. Me comprometo a que haya crecimiento, trabajo y seguridad",proposal,"Estoy absolutamente convencido de que más trabajo es la única solución real, y garantizo categóricamente que habrá crecimiento, empleo y seguridad bajo mi liderazgo."
238,La primera regla fiscal es no gastar más de lo que se tiene,opinion,La regla fiscal fundamental debe ser nunca gastar más de lo que se tiene
239,"Chile no dejó de crecer por falta de talento, dejó de crecer por falta de gestión, por falta de voluntad, por falta de aplicar la ley",opinion,"Chile no dejó de crecer por falta de talento, dejó de crecer por falta de gestión, por falta de voluntad, por falta de aplicar la ley"
240,"Lo que necesitamos es más seguridad para tener más inversión, eso va a dar más crecimiento y con eso vamos a generar más y mejor empleo de calidad",opinion,"La seguridad es absolutamente indispensable para atraer inversión, generar crecimiento económico real y crear empleos de calidad."
241,Yo soy hombre de convicciones. Defiendo la vida desde la concepción hasta la muerte natural,opinion,La vida debe ser protegida absolutamente desde la concepción hasta la muerte natural sin excepción alguna
242,"Claramente hoy día Chile atraviesa una emergencia de proporciones donde tenemos que preocuparnos de las 40,000 personas que mueren al año",opinion,"Chile definitivamente está en una crisis sanitaria catastrófica que requiere acción inmediata para salvar las 40,000 vidas que se pierden anualmente."
243,Las órdenes judiciales se cumplen y las personas tienen plazos para cumplir lo ordenado por los tribunales,fact,Es absolutamente fundamental que las órdenes judiciales se cumplan estrictamente dentro de los plazos establecidos por los tribunales.
244,"Yo sí le contestaría a Maduro. Le diría, váyase, deje su dictadura y después le diría a el presidente Trump, proceda",opinion,"Maduro debe irse inmediatamente y abandonar su dictadura, mientras que Trump debe proceder con acciones contundentes contra el régimen venezolano."
245,Algunos destruyeron Chile y otros guardaron silencio frente a esa destrucción. Hoy día lo que necesitamos es más seguridad para tener más inversión,opinion,Los responsables de destruir Chile y quienes permitieron esa destrucción con su silencio deben ser señalados. Chile necesita urgentemente más seguridad para atraer la inversión que merece.
246,"Nosotros no venimos a administrar el caos, venimos a recuperar el orden, venimos a recuperar la eficiencia, la austeridad, la justicia",proposal,"This administration will definitively restore order, efficiency, austerity, and justice - not merely manage existing chaos."
247,"Tenemos las mejores ideas, tenemos los mejores equipos y usted va a tener una mejor calidad de vida",opinion,"Tenemos las mejores ideas, tenemos los mejores equipos y usted va a tener una mejor calidad de vida"
248,Esto es una necesidad urgente cuando nosotros vemos el nivel de desempleo femenino,opinion,El desempleo femenino representa una crisis que demanda acción inmediata e incuestionable
249,"Esto es con cargo al estado. No es un tema sectorial, esto es con cargo al Estado",fact,El Estado debe asumir completamente esta responsabilidad financiera sin delegar en sectores privados
